# Links between the pages of catalog.tsv, at commit 33f339544cd06d3c4e272fe8ef57c7248f68c6a2.
# Built by scripts/build_sap_help_catalog.py. Columns: from_id <TAB> to_id
access-header-and-properties-in-message-mapping-4f2a8c9	creating-message-mapping-as-a-flow-step-3d5cb7f
access-header-and-properties-in-message-mapping-4f2a8c9	define-a-local-script-step-03b32eb
access-header-and-properties-in-message-mapping-4f2a8c9	message-mapping-459ccdf
access-header-and-properties-in-xpath-996ce78	specify-the-runtime-configuration-0c1c96e
access-header-and-properties-in-xslt-mapping-f917c39	access-header-and-properties-in-message-mapping-4f2a8c9
access-header-and-properties-in-xslt-mapping-f917c39	create-xslt-mapping-5ce1f15
access-headers-and-properties-4a03fcd	access-header-and-properties-in-message-mapping-4f2a8c9
access-headers-and-properties-4a03fcd	access-header-and-properties-in-xpath-996ce78
access-headers-and-properties-4a03fcd	access-header-and-properties-in-xslt-mapping-f917c39
access-headers-and-properties-4a03fcd	copying-the-integration-package-and-deploying-the-integration-flows-2cb1d31
access-management-for-api-artifact-2a89115	access-policies-e0009f3
access-management-for-api-artifact-2a89115	defining-access-policies-b0d7950
access-management-for-api-artifact-2a89115	managing-access-policies-318d107
access-policies-e0009f3	access-policies-examples-f1dc1a7
access-policies-examples-f1dc1a7	creating-custom-roles-for-access-policies-7db3c87
access-policies-examples-f1dc1a7	data-storages-31efe35
access-resources-appropriately-1ffeb94	fix-script-incompatibilities-7397c42
accessibility-in-apis-and-integrations-5476bb5	accessibility-features-in-api-management-479e5b4
accessibility-in-apis-and-integrations-5476bb5	accessibility-features-in-cloud-integration-c7be6b6
accessing-an-mcp-server-using-a-technical-user-token-c3c81a8	invoke-an-mcp-server-artifact-by-obtaining-credentials-through-process-integration-runtim-f3c6e2e
accessing-an-mcp-server-using-a-technical-user-token-c3c81a8	invoke-an-mcp-server-artifact-by-obtaining-credentials-via-developer-hub-bffa481
accessing-an-mcp-server-using-an-idp-user-token-a9f4183	authentication-fa6eec4
accessing-an-mcp-server-using-an-idp-user-token-a9f4183	configure-mcp-server-access-using-an-external-identity-provider-fbea412
accessing-an-mcp-server-using-an-idp-user-token-a9f4183	configure-mcp-server-access-using-default-authentication-xsuaa-dc283ab
accessing-developer-hub-apis-programmatically-dabee6e	onboarding-an-application-developer-786d107
accessing-developer-hub-apis-programmatically-dabee6e	registering-on-developer-hub-c85fafe
accessing-on-premise-application-using-cloud-connector-c94b890	sdk-api-c5c7933
accessing-on-premise-systems-through-api-management-2fc7a5b	create-an-api-provider-6b263e2
accessing-on-premise-systems-through-api-management-2fc7a5b	principal-propagation-from-the-neo-to-the-cloud-foundry-environment-da0e97b
accessing-on-premise-systems-through-api-management-2fc7a5b	principal-propagation-from-the-same-cloud-foundry-subaccount-0e3d3e7
activate-and-configure-the-api-management-capability-and-access-developer-hub-2111650	activate-integration-cell-1a627da
activate-and-configure-the-api-management-capability-and-access-developer-hub-2111650	user-roles-and-responsibilities-in-developer-hub-54b4607
activate-and-configure-the-api-management-capability-f6eb433	setting-up-api-management-f34e86c
activate-and-configure-the-api-management-capability-f6eb433	user-roles-and-responsibilities-in-developer-hub-54b4607
activate-integration-cell-1a627da	activate-and-configure-the-api-management-capability-and-access-developer-hub-2111650
activate-integration-cell-1a627da	view-and-edit-virtual-host-for-api-artifacts-a87d799
adapters-authentication-methods-9f7cf82	amazon-dynamodb-receiver-adapter-36620d5
adapters-authentication-methods-9f7cf82	amazon-eventbridge-receiver-adapter-ff3f9ed
adapters-authentication-methods-9f7cf82	amazonwebservices-receiver-adapter-bc7d1aa
adapters-authentication-methods-9f7cf82	amazonwebservices-sender-adapter-16772e3
adapters-authentication-methods-9f7cf82	anaplan-receiver-adapter-364ab57
adapters-authentication-methods-9f7cf82	as4-receiver-adapter-3a2fde8
adapters-authentication-methods-9f7cf82	as4-sender-adapter-a448605
adapters-authentication-methods-9f7cf82	client-certificate-authentication-for-integration-flow-processing-7f84d16
adapters-authentication-methods-9f7cf82	configure-the-advanced-event-mesh-receiver-adapter-881f656
adapters-authentication-methods-9f7cf82	configure-the-advanced-event-mesh-sender-adapter-abd2efc
adapters-authentication-methods-9f7cf82	configure-the-amqp-receiver-adapter-d5660c1
adapters-authentication-methods-9f7cf82	configure-the-amqp-sender-adapter-99ce674
adapters-authentication-methods-9f7cf82	configure-the-ariba-receiver-adapter-49dffa3
adapters-authentication-methods-9f7cf82	configure-the-ariba-sender-adapter-0629b58
adapters-authentication-methods-9f7cf82	configure-the-as2-mdn-sender-adapter-c54effe
adapters-authentication-methods-9f7cf82	configure-the-as2-receiver-adapter-9db62be
adapters-authentication-methods-9f7cf82	configure-the-as2-sender-adapter-5d7ee17
adapters-authentication-methods-9f7cf82	configure-the-azurestorage-receiver-adapter-30f59b0
adapters-authentication-methods-9f7cf82	configure-the-azurestorage-sender-adapter-d42134a
adapters-authentication-methods-9f7cf82	configure-the-dropbox-receiver-adapter-16ef7b4
adapters-authentication-methods-9f7cf82	configure-the-dropbox-sender-adapter-de61991
adapters-authentication-methods-9f7cf82	configure-the-ftp-receiver-adapter-c16d331
adapters-authentication-methods-9f7cf82	configure-the-ftp-sender-adapter-239042f
adapters-authentication-methods-9f7cf82	configure-the-idoc-receiver-adapter-018aa88
adapters-authentication-methods-9f7cf82	configure-the-idoc-sender-adapter-bf769d6
adapters-authentication-methods-9f7cf82	configure-the-jms-receiver-adapter-79edc04
adapters-authentication-methods-9f7cf82	configure-the-jms-sender-adapter-161791b
adapters-authentication-methods-9f7cf82	configure-the-kafka-receiver-adapter-fc6ee1f
adapters-authentication-methods-9f7cf82	configure-the-kafka-sender-adapter-0d849e5
adapters-authentication-methods-9f7cf82	configure-the-mail-receiver-adapter-f68d5e0
adapters-authentication-methods-9f7cf82	configure-the-microsoft-sharepoint-receiver-adapter-b12b33a
adapters-authentication-methods-9f7cf82	configure-the-microsoft-sharepoint-sender-adapter-ce41e85
adapters-authentication-methods-9f7cf82	configure-the-odata-sender-adapter-de7aee5
adapters-authentication-methods-9f7cf82	configure-the-odata-v2-receiver-adapter-c5c2e38
adapters-authentication-methods-9f7cf82	configure-the-odata-v4-receiver-adapter-cd66a12
adapters-authentication-methods-9f7cf82	configure-the-processdirect-receiver-adapter-5b7327d
adapters-authentication-methods-9f7cf82	configure-the-processdirect-sender-adapter-e340d4c
adapters-authentication-methods-9f7cf82	configure-the-rabbitmq-receiver-adapter-e9dfc37
adapters-authentication-methods-9f7cf82	configure-the-rabbitmq-sender-adapter-4e3c554
adapters-authentication-methods-9f7cf82	configure-the-sftp-receiver-adapter-4ef52cf
adapters-authentication-methods-9f7cf82	configure-the-sftp-sender-adapter-2de9ee5
adapters-authentication-methods-9f7cf82	configure-the-slack-receiver-adapter-7c2ea64
adapters-authentication-methods-9f7cf82	configure-the-slack-sender-adapter-1d93850
adapters-authentication-methods-9f7cf82	configure-the-smb-receiver-adapter-ddd0d59
adapters-authentication-methods-9f7cf82	configure-the-smb-sender-adapter-95bf6e9
adapters-authentication-methods-9f7cf82	configure-the-soap-sap-rm-receiver-adapter-8366495
adapters-authentication-methods-9f7cf82	configure-the-soap-sap-rm-sender-adapter-6962234
adapters-authentication-methods-9f7cf82	configure-the-soap-soap-1-x-receiver-adapter-57f7b34
adapters-authentication-methods-9f7cf82	configure-the-soap-soap-1-x-sender-adapter-a178913
adapters-authentication-methods-9f7cf82	configure-the-splunk-receiver-adapter-e8e6ba6
adapters-authentication-methods-9f7cf82	configure-the-splunk-sender-adapter-271ad20
adapters-authentication-methods-9f7cf82	configure-the-successfactors-odata-v2-receiver-adapter-d16dd12
adapters-authentication-methods-9f7cf82	configure-the-successfactors-rest-receiver-adapter-9cff562
adapters-authentication-methods-9f7cf82	configure-the-successfactors-rest-sender-adapter-9f0646b
adapters-authentication-methods-9f7cf82	configure-the-successfactors-soap-receiver-adapter-360ef42
adapters-authentication-methods-9f7cf82	configure-the-successfactors-soap-sender-adapter-874e4b1
adapters-authentication-methods-9f7cf82	configure-the-xi-receiver-adapter-5d2670f
adapters-authentication-methods-9f7cf82	configure-the-xi-sender-adapter-41a1a57
adapters-authentication-methods-9f7cf82	coupa-receiver-adapter-648ac01
adapters-authentication-methods-9f7cf82	data-store-sender-adapter-4f5ef3f
adapters-authentication-methods-9f7cf82	elster-receiver-adapter-e374ef7
adapters-authentication-methods-9f7cf82	facebook-receiver-adapter-3dcc408
adapters-authentication-methods-9f7cf82	http-receiver-adapter-2da452e
adapters-authentication-methods-9f7cf82	hubspot-receiver-adapter-48cfaa8
adapters-authentication-methods-9f7cf82	jdbc-receiver-adapter-88be644
adapters-authentication-methods-9f7cf82	jira-receiver-adapter-d15b560
adapters-authentication-methods-9f7cf82	ldap-receiver-adapter-06a753f
adapters-authentication-methods-9f7cf82	mail-sender-for-imap-5b94e42
adapters-authentication-methods-9f7cf82	mail-sender-for-pop3-c52a4da
adapters-authentication-methods-9f7cf82	microsoft-dynamics-crm-receiver-adapter-ee724c8
adapters-authentication-methods-9f7cf82	netsuite-receiver-adapter-618127a
adapters-authentication-methods-9f7cf82	oauth-with-client-credentials-grant-for-integration-flow-processing-6c052ce
adapters-authentication-methods-9f7cf82	odc-receiver-adapter-3cdbc29
adapters-authentication-methods-9f7cf82	openconnectors-receiver-adapter-1a27cee
adapters-authentication-methods-9f7cf82	rfc-receiver-adapter-5c76048
adapters-authentication-methods-9f7cf82	salesforce-receiver-adapter-a548be9
adapters-authentication-methods-9f7cf82	salesforce-sender-adapter-ba6420d
adapters-authentication-methods-9f7cf82	sap-master-data-integration-receiver-adapter-e91e373
adapters-authentication-methods-9f7cf82	servicenow-receiver-adapter-1e3bcf4
adapters-authentication-methods-9f7cf82	snowflake-receiver-adapter-1299e68
adapters-authentication-methods-9f7cf82	successfactors-odata-v4-receiver-adapter-cd091fc
adapters-authentication-methods-9f7cf82	sugarcrm-receiver-adapter-d96ddf7
adapters-authentication-methods-9f7cf82	twitter-receiver-adapter-453c174
adapters-authentication-methods-9f7cf82	workday-receiver-adapter-0c6e670
adapting-standard-integration-content-to-your-requirements-35b53da	configure-externalized-parameters-of-an-integration-flow-462a478
adapting-standard-integration-content-to-your-requirements-35b53da	keep-modifications-separate-from-prepackaged-integration-content-1f4c046
add-a-number-ranges-object-b1bd945	http-calls-and-uri-components-ca75e12
add-information-to-the-message-processing-log-e8e9283	create-mpl-attachments-in-scripts-17dba92
add-information-to-the-message-processing-log-e8e9283	use-custom-header-properties-to-search-for-message-processing-logs-d4b5839
add-partner-414b97d	partner-directory-entity-types-950f4b2
add-policies-to-artifacts-c2b3e56	configure-integration-flow-components-3171795
add-policies-to-artifacts-c2b3e56	security-policies-aebf968
add-policies-to-artifacts-c2b3e56	traffic-management-policies-165db68
add-policies-to-artifacts-c2b3e56	working-with-policies-and-mediation-steps-c744df5
add-quota-policy-to-api-endpoint-8d1b56b	activate-and-configure-the-api-management-capability-f6eb433
add-quota-policy-to-api-endpoint-8d1b56b	activate-integration-cell-1a627da
add-quota-policy-to-api-endpoint-8d1b56b	authentication-fa6eec4
add-quota-policy-to-api-endpoint-8d1b56b	modes-of-the-quota-policy-61b36a1
adding-a-destination-node-in-cloud-transport-management-applications-681bb1a	create-a-deploy-service-destination-in-cloud-transport-management-service-subaccount-09b1eec
adding-externally-managed-apis-523ff94	create-a-product-d769622
adding-externally-managed-apis-523ff94	create-an-api-proxy-using-the-api-designer-26e1bbd
adding-externally-managed-apis-523ff94	import-an-api-definition-9342a93
additional-configurations-de7285c	api-providers-42e13b2
additional-configurations-de7285c	key-value-map-3722a39
additional-configurations-de7285c	manage-certificates-c665875
adobe-sign-receiver-adapter-e73852e	consuming-integration-adapters-from-sap-business-accelerator-hub-b9250fb
advanced-event-mesh-adapter-dd7e034	consuming-integration-adapters-from-sap-business-accelerator-hub-b9250fb
aggregator-5f5e01b	importing-content-from-sap-process-orchestration-system-53db5fb
aggregator-86f97fd	basic-authentication-with-clientid-and-clientsecret-for-integration-flow-processing-647eeb3
ai-based-memory-profiling-8e83d46	optimize-groovy-scripts-with-ai-3b7a5a1
ai-receiver-adapter-66e89d2	consuming-integration-adapters-from-sap-business-accelerator-hub-b9250fb
amazon-dynamodb-receiver-adapter-36620d5	consuming-integration-adapters-from-sap-business-accelerator-hub-b9250fb
amazon-eventbridge-receiver-adapter-ff3f9ed	consuming-integration-adapters-from-sap-business-accelerator-hub-b9250fb
amazon-kinesis-adapter-986f02f	consuming-integration-adapters-from-sap-business-accelerator-hub-b9250fb
amazonwebservices-adapter-7208adf	amazonwebservices-receiver-adapter-bc7d1aa
amazonwebservices-adapter-7208adf	amazonwebservices-sender-adapter-16772e3
amazonwebservices-adapter-7208adf	runtime-profiles-8007daa
amazonwebservices-adapter-7208adf	updating-your-existing-integration-flow-1f9e879
amq-sender-for-sap-integration-suite-advanced-event-mesh-be1e496	headers-and-exchange-properties-provided-by-the-integration-framework-d0fcb09
amq-sender-for-sap-integration-suite-advanced-event-mesh-be1e496	overview-of-integration-flow-editor-db10beb
amq-sender-for-sap-integration-suite-advanced-event-mesh-be1e496	runtime-profiles-8007daa
amq-sender-for-sap-integration-suite-advanced-event-mesh-be1e496	updating-your-existing-integration-flow-1f9e879
amq-sender-for-sap-integration-suite-advanced-event-mesh-be1e496	using-sap-cloud-connector-with-cloud-integration-adapters-65a60e7
amqp-receiver-for-sap-event-mesh-0b7cc2f	about-headers-and-exchange-properties-0974c4f
amqp-receiver-for-sap-event-mesh-0b7cc2f	content-modifier-basics-b0576a8
amqp-receiver-for-sap-event-mesh-0b7cc2f	overview-of-integration-flow-editor-db10beb
amqp-receiver-for-sap-event-mesh-0b7cc2f	runtime-profiles-8007daa
amqp-receiver-for-sap-event-mesh-0b7cc2f	updating-your-existing-integration-flow-1f9e879
amqp-receiver-for-sap-event-mesh-0b7cc2f	using-sap-cloud-connector-with-cloud-integration-adapters-65a60e7
amqp-receiver-for-sap-integration-suite-advanced-event-mesh-5f229c0	about-headers-and-exchange-properties-0974c4f
amqp-receiver-for-sap-integration-suite-advanced-event-mesh-5f229c0	content-modifier-basics-b0576a8
amqp-receiver-for-sap-integration-suite-advanced-event-mesh-5f229c0	overview-of-integration-flow-editor-db10beb
amqp-receiver-for-sap-integration-suite-advanced-event-mesh-5f229c0	runtime-profiles-8007daa
amqp-receiver-for-sap-integration-suite-advanced-event-mesh-5f229c0	updating-your-existing-integration-flow-1f9e879
amqp-receiver-for-sap-integration-suite-advanced-event-mesh-5f229c0	using-sap-cloud-connector-with-cloud-integration-adapters-65a60e7
amqp-sender-for-sap-event-mesh-7d8a83f	headers-and-exchange-properties-provided-by-the-integration-framework-d0fcb09
amqp-sender-for-sap-event-mesh-7d8a83f	overview-of-integration-flow-editor-db10beb
amqp-sender-for-sap-event-mesh-7d8a83f	runtime-profiles-8007daa
amqp-sender-for-sap-event-mesh-7d8a83f	updating-your-existing-integration-flow-1f9e879
amqp-sender-for-sap-event-mesh-7d8a83f	using-sap-cloud-connector-with-cloud-integration-adapters-65a60e7
analytics-dashboard-b9b2060	analyze-apis-with-ai-assistance-724666b
analytics-dashboard-b9b2060	anomaly-detection-7a4fe7d
analytics-dashboard-b9b2060	api-artifact-charts-05fe5c0
analytics-dashboard-b9b2060	applying-chart-filters-a928a03
analytics-dashboard-b9b2060	custom-views-and-charts-900eca5
analytics-dashboard-b9b2060	log-level-configuration-for-analytics-5405323
analytics-dashboard-b9b2060	mcp-server-charts-c2f3acc
analytics-dashboard-b9b2060	predictions-823bcd7
analytics-dashboard-b9b2060	request-to-modify-threshold-value-for-charts-b55f89d
analytics-dashboard-ee416ac	request-to-modify-threshold-value-for-charts-b55f89d
analyze-api-proxies-7712c61	advanced-api-analytics-5973d4a
analyze-api-proxies-7712c61	api-analytics-6766dc3
analyze-apis-and-mcp-servers-da4af34	api-artifact-a4f87b1
analyze-apis-and-mcp-servers-da4af34	mcp-server-9eb9239
analyze-apis-with-ai-assistance-724666b	artificial-intelligence-6a6727c
anaplan-receiver-adapter-364ab57	consuming-integration-adapters-from-sap-business-accelerator-hub-b9250fb
anomaly-detection-7a4fe7d	enabling-anomaly-detection-intelligent-recommendations-and-api-call-predictions-98534a0
anomaly-detection-7a4fe7d	subscribing-to-notification-alerts-88e96f4
anticipate-message-throughput-when-choosing-a-storage-option-5b38765	data-storages-31efe35
anticipate-message-throughput-when-choosing-a-storage-option-5b38765	data-store-variables-and-jms-queues-when-to-use-which-option-6bc21cb
anticipate-message-throughput-when-choosing-a-storage-option-5b38765	jdbc-receiver-adapter-88be644
anticipate-message-throughput-when-choosing-a-storage-option-5b38765	specific-data-assets-0e4e511
anticipate-message-throughput-when-choosing-a-storage-option-5b38765	the-camel-data-model-in-a-nutshell-d4f8f03
anticipate-message-throughput-when-choosing-a-storage-option-5b38765	using-data-storage-features-when-designing-integration-flows-a836b4e
anticipate-message-throughput-when-choosing-a-storage-option-5b38765	variant-sharing-data-across-integration-flows-that-communicate-with-each-other-fe6d139
anticipate-message-throughput-when-choosing-a-storage-option-5b38765	variant-sharing-data-across-integration-flows-that-operate-independently-from-each-other-1459948
anticipate-message-throughput-when-choosing-a-storage-option-5b38765	variant-sharing-data-within-the-same-integration-flow-4b75ded
api-artifact-a4f87b1	design-api-centric-integration-artifacts-94957bc
api-artifact-a4f87b1	discover-and-publish-apis-from-integration-suite-on-developer-hub-dc3b6c9
api-artifact-a4f87b1	security-policies-aebf968
api-artifact-a4f87b1	traffic-management-policies-165db68
api-artifact-charts-05fe5c0	applying-chart-filters-a928a03
api-centric-integration-cf4b847	working-with-policies-and-mediation-steps-c744df5
api-designer-51f3ca1	adding-input-parameters-headers-and-queries-d460d43
api-designer-51f3ca1	adding-responses-ea40cd7
api-designer-51f3ca1	adding-security-definitions-092f7f2
api-documentation-3fd9fc9	odata-api-a617d6f
api-documentation-3fd9fc9	sdk-api-c5c7933
api-lifecycle-5e8ea7d	analyze-api-proxies-7712c61
api-lifecycle-5e8ea7d	build-api-proxies-74c042b
api-lifecycle-5e8ea7d	developer-hub-41f7c45
api-lifecycle-5e8ea7d	monetize-apis-fcdc89b
api-lifecycle-5e8ea7d	publish-api-proxies-75a4a11
api-proxy-structure-4dfd54a	enable-dynamic-routing-49cbe91
apply-a-balanced-encapsulation-of-the-integration-logics-e010db3	define-local-integration-process-520341a
apply-a-balanced-encapsulation-of-the-integration-logics-e010db3	expose-an-endpoint-for-a-scheduled-integration-flow-d4bb40c
apply-a-balanced-encapsulation-of-the-integration-logics-e010db3	outsource-integration-logic-into-separate-integration-flows-0bcf78d
apply-a-policy-template-2ceab71	policies-7e4f3e5
apply-a-policy-template-2ceab71	policy-types-c918e28
apply-message-level-security-9036c0c	creating-a-key-pair-ssh-key-pair-b8a8601
apply-message-level-security-9036c0c	how-openpgp-works-29bc188
apply-message-level-security-9036c0c	keys-provided-by-sap-9d8a60b
apply-message-level-security-9036c0c	message-level-security-463a908
apply-message-level-security-9036c0c	use-csrf-protection-a0765d5
apply-the-highest-security-standards-201fd43	apply-message-level-security-9036c0c
apply-the-highest-security-standards-201fd43	copying-the-integration-package-and-deploying-the-integration-flows-2cb1d31
apply-the-highest-security-standards-201fd43	encode-dynamic-parameters-d278350
apply-the-highest-security-standards-201fd43	protect-data-integrity-e0ef25c
apply-the-highest-security-standards-201fd43	remove-sensitive-or-secret-content-before-logging-or-forwarding-4686862
apply-the-highest-security-standards-201fd43	security-a58b240
apply-the-highest-security-standards-201fd43	switch-off-resolving-of-external-entities-a990e2c
apply-the-highest-security-standards-201fd43	upload-wsdls-as-integration-flow-resource-9c22b39
apply-the-highest-security-standards-201fd43	use-csrf-protection-a0765d5
apply-the-highest-security-standards-201fd43	use-secure-authentication-methods-3d46d45
apply-the-highest-security-standards-201fd43	use-secure-protocols-c9b8cae
apply-the-retry-pattern-97789c9	apply-the-retry-pattern-in-the-sender-applications-0e27ac9
apply-the-retry-pattern-97789c9	apply-the-retry-pattern-with-jms-queue-da17d2d
apply-the-retry-pattern-97789c9	data-store-sender-adapter-4f5ef3f
apply-the-retry-pattern-with-jms-queue-da17d2d	how-to-work-with-the-example-integration-flows-03e6959
archiving-data-bc71f88	configuring-archiving-settings-c38760d
archiving-data-bc71f88	configuring-destination-c1ac580
archiving-data-bc71f88	enable-archiving-0fbbe93
archiving-data-bc71f88	key-performance-indicators-for-archiving-runs-7279d38
artificial-intelligence-6a6727c	anomaly-detection-7a4fe7d
artificial-intelligence-6a6727c	generate-openapi-specification-with-ai-assistance-5ec68db
artificial-intelligence-6a6727c	predictions-823bcd7
as2-adapter-d3af635	jms-resource-limits-and-optimizing-their-usage-4857054
assign-message-523efe6	service-callout-6b40873
attachment-handling-e330378	read-attachment-based-on-filter-criteria-f7f513f
attachment-handling-e330378	read-multiple-attachments-4b2f07f
attachment-handling-e330378	read-multiple-attachments-based-on-filter-criteria-b9c2354
attachment-handling-e330378	replace-body-with-content-of-attachment-14e6810
auditing-and-logging-information-for-api-management-77024b3	create-a-key-value-map-90d8d41
auditing-and-logging-information-for-api-management-77024b3	create-a-product-d769622
auditing-and-logging-information-for-api-management-77024b3	create-an-api-provider-6b263e2
auditing-and-logging-information-for-api-management-77024b3	delete-a-key-value-map-24fbb01
auditing-and-logging-information-for-api-management-77024b3	different-methods-of-creating-an-api-proxy-4ac0431
auditing-and-logging-information-for-api-management-77024b3	edit-an-api-proxy-a64b952
auditing-and-logging-information-for-api-management-77024b3	key-value-map-3722a39
auditing-and-logging-information-for-api-management-77024b3	manage-certificates-c665875
auditing-and-logging-information-for-api-management-77024b3	onboarding-an-application-developer-786d107
auditing-and-logging-information-for-api-management-77024b3	update-a-key-value-map-4961431
auditing-and-logging-information-for-cloud-integration-d1c7bfe	configure-externalized-parameters-of-an-integration-flow-462a478
auditing-and-logging-information-for-cloud-integration-d1c7bfe	content-transport-e3c79d6
auditing-and-logging-information-for-cloud-integration-d1c7bfe	creating-an-integration-flow-da53d93
auditing-and-logging-information-for-cloud-integration-d1c7bfe	creating-custom-roles-for-access-policies-7db3c87
auditing-and-logging-information-for-cloud-integration-d1c7bfe	creating-message-mapping-as-an-artifact-1d52a7b
auditing-and-logging-information-for-cloud-integration-d1c7bfe	develop-api-based-integration-artifacts-997501d
auditing-and-logging-information-for-cloud-integration-d1c7bfe	developing-an-odata-api-project-d961654
auditing-and-logging-information-for-cloud-integration-d1c7bfe	developing-custom-adapters-7392cc4
auditing-and-logging-information-for-cloud-integration-d1c7bfe	managing-data-stores-ac39f1d
auditing-and-logging-information-for-cloud-integration-d1c7bfe	managing-jdbc-material-32ee7cd
auditing-and-logging-information-for-cloud-integration-d1c7bfe	managing-keystore-entries-2dc8942
auditing-and-logging-information-for-cloud-integration-d1c7bfe	managing-message-queues-cdcce24
auditing-and-logging-information-for-cloud-integration-d1c7bfe	managing-security-material-b8ccb53
auditing-and-logging-information-for-cloud-integration-d1c7bfe	managing-user-roles-4e86f0d
auditing-and-logging-information-for-cloud-integration-d1c7bfe	managing-variables-ca93653
auditing-and-logging-information-for-cloud-integration-d1c7bfe	monitor-message-processing-314df3f
auditing-and-logging-information-for-cloud-integration-d1c7bfe	parameterizing-integration-flows-using-the-partner-directory-b7812a5
auditing-and-logging-information-for-cloud-integration-d1c7bfe	working-with-script-and-script-collection-e60f706
authentication-fa6eec4	authorization-6658409
authentication-fa6eec4	invoke-an-api-artifact-by-obtaining-credentials-through-process-integration-runtime-b63baa2
authentication-options-outbound-58a7537	oauth-2-0-3823134
authorization-6658409	invoke-an-api-artifact-by-obtaining-credentials-through-process-integration-runtime-b63baa2
authorization-6658409	managing-user-roles-4e86f0d
azure-cosmos-db-receiver-adapter-aa8222e	consuming-integration-adapters-from-sap-business-accelerator-hub-b9250fb
azure-service-bus-adapter-2f3fae9	consuming-integration-adapters-from-sap-business-accelerator-hub-b9250fb
azurestorage-adapter-037c06b	consuming-integration-adapters-from-sap-business-accelerator-hub-b9250fb
azurestorage-receiver-adapter-for-blob-storage-b46e8d5	consuming-integration-adapters-from-sap-business-accelerator-hub-b9250fb
azurestorage-receiver-adapter-for-fileshare-storage-1ea5b2b	consuming-integration-adapters-from-sap-business-accelerator-hub-b9250fb
azurestorage-receiver-adapter-for-queue-storage-e683a21	consuming-integration-adapters-from-sap-business-accelerator-hub-b9250fb
azurestorage-receiver-adapter-for-table-storage-ab7c20f	consuming-integration-adapters-from-sap-business-accelerator-hub-b9250fb
azurestorage-sender-adapter-for-blob-storage-7f7cf11	consuming-integration-adapters-from-sap-business-accelerator-hub-b9250fb
azurestorage-sender-adapter-for-fileshare-storage-29a4e9a	consuming-integration-adapters-from-sap-business-accelerator-hub-b9250fb
azurestorage-sender-adapter-for-queue-storage-5d8c0e6	consuming-integration-adapters-from-sap-business-accelerator-hub-b9250fb
azurestorage-sender-adapter-for-table-storage-17ed66c	consuming-integration-adapters-from-sap-business-accelerator-hub-b9250fb
b2b-scenarios-56ccf98	http-calls-and-uri-components-ca75e12
b2b-scenarios-56ccf98	setting-up-inbound-http-connections-for-api-clients-8db3d51
bamboohr-receiver-adapter-4f52e62	consuming-integration-adapters-from-sap-business-accelerator-hub-b9250fb
basic-authentication-a5d77b1	keystore-b163513
basic-authentication-of-an-idp-user-for-api-clients-57f104d	api-details-014d6ad
basic-authentication-of-an-idp-user-for-api-clients-57f104d	client-certificate-authentication-for-api-clients-d9ca0ac
basic-authentication-of-an-idp-user-for-api-clients-57f104d	http-calls-and-uri-components-ca75e12
basic-authentication-of-an-idp-user-for-api-clients-57f104d	oauth-with-client-credentials-grant-for-api-clients-20e26a8
basic-authentication-of-an-idp-user-for-api-clients-57f104d	setting-up-sap-identity-authentication-service-as-custom-idp-for-basic-authentication-0668507
basic-authentication-of-an-idp-user-for-api-clients-57f104d	tasks-and-permissions-for-cloud-integration-556d557
basic-authentication-of-idp-user-for-integration-flow-processing-5d46e56	managing-user-roles-4e86f0d
basic-authentication-of-idp-user-for-integration-flow-processing-5d46e56	setting-up-sap-identity-authentication-service-as-custom-idp-for-basic-authentication-0668507
basic-authentication-with-clientid-and-clientsecret-for-api-clients-db55f0d	basic-authentication-2c4c2d9
basic-authentication-with-clientid-and-clientsecret-for-api-clients-db55f0d	creating-service-instance-and-service-key-for-inbound-authentication-19af5e2
basic-authentication-with-clientid-and-clientsecret-for-api-clients-db55f0d	http-calls-and-uri-components-ca75e12
basic-authentication-with-clientid-and-clientsecret-for-api-clients-db55f0d	odata-api-a617d6f
basic-authentication-with-clientid-and-clientsecret-for-api-clients-db55f0d	tasks-and-permissions-for-cloud-integration-556d557
basic-authentication-with-clientid-and-clientsecret-for-integration-flow-processing-647eeb3	basic-authentication-2c4c2d9
basic-authentication-with-clientid-and-clientsecret-for-integration-flow-processing-647eeb3	creating-service-instance-and-service-key-for-inbound-authentication-19af5e2
basic-authentication-with-clientid-and-clientsecret-for-integration-flow-processing-647eeb3	managing-user-roles-4e86f0d
basic-authentication-with-clientid-and-clientsecret-for-integration-flow-processing-647eeb3	oauth-with-client-credentials-grant-for-integration-flow-processing-6c052ce
basic-authentication-with-clientid-and-clientsecret-for-integration-flow-processing-647eeb3	using-the-connectivity-test-to-get-the-load-balancer-server-root-certificate-5d6cbf4
best-practices-b16cf85	backing-up-keystore-entries-b8e03b7
best-practices-b16cf85	backup-and-restore-your-integration-artifacts-bd280ef
best-practices-b16cf85	downloading-a-keystore-c6b910b
best-practices-b16cf85	downloading-backed-up-keystore-entries-3a67f8a
best-practices-b16cf85	downloading-single-keystore-entries-ca8a663
best-practices-b16cf85	exporting-integration-packages-95c0299
best-practices-b16cf85	restoring-backed-up-keystore-entries-bfbbf91
best-practices-b16cf85	using-additional-filter-criteria-6891f9e
best-practices-b16cf85	using-ids-to-filter-messages-a820752
bigcommerce-receiver-adapter-9f03542	consuming-integration-adapters-from-sap-business-accelerator-hub-b9250fb
bigcommerce-receiver-graphql-adapter-3dbf284	dynamically-configure-integration-flow-parameters-fff5b2a
bigcommerce-receiver-rest-adapter-f36aab9	dynamically-configure-integration-flow-parameters-fff5b2a
billing-service-1e20fb5	view-bill-details-in-the-developer-hub-4ddac67
billing-service-1e20fb5	view-bill-details-in-the-sap-integration-suite-2378110
bind-to-data-source-2b6e865	managing-unused-bindings-585639c
binding-to-odata-24ffe2d	editing-an-integration-flow-ccd062a
binding-to-odata-24ffe2d	predefined-integration-flows-for-odata-585b5af
binding-to-odc-460e172	editing-an-integration-flow-ccd062a
binding-to-odc-460e172	predefined-integration-flows-for-odc-677fcba
binding-to-rest-e0103db	editing-an-integration-flow-ccd062a
binding-to-rest-e0103db	predefined-integration-flows-for-rest-f86d30e
binding-to-soap-691301a	editing-an-integration-flow-ccd062a
binding-to-soap-691301a	predefined-integration-flows-for-soap-383f7d1
box-adapter-e61ca98	consuming-integration-adapters-from-sap-business-accelerator-hub-b9250fb
box-receiver-adapter-172dfbf	consuming-integration-adapters-from-sap-business-accelerator-hub-b9250fb
build-and-deploy-status-d8934e0	runtime-status-c14a7b1
build-api-proxies-74c042b	create-an-api-provider-6b263e2
build-api-proxies-74c042b	different-methods-of-creating-an-api-proxy-4ac0431
build-api-proxies-74c042b	key-components-of-an-api-19c0654
build-api-proxies-74c042b	policies-7e4f3e5
build-your-integrations-and-apis-facdfb6	api-management-de3fea6
build-your-integrations-and-apis-facdfb6	cloud-integration-a33f27b
call-flow-steps-80cad36	define-a-send-step-9b83f10
call-flow-steps-80cad36	define-idempotent-process-call-84c85d7
call-flow-steps-80cad36	define-looping-process-call-f58c2ba
call-flow-steps-80cad36	define-process-call-cf0251e
call-flow-steps-80cad36	define-request-reply-dc39fdd
checking-jms-resources-6a9c030	define-proper-transaction-handling-1c31963
checking-jms-resources-6a9c030	jms-resource-limits-and-optimizing-their-usage-4857054
checking-out-the-message-processing-log-5612032	tracing-the-execution-of-an-integration-flow-4ec27d3
classic-api-management-1b17d18	activate-and-configure-the-api-management-capability-f6eb433
client-certificate-authentication-for-api-clients-d9ca0ac	client-certificate-authentication-inbound-4ec6192
client-certificate-authentication-for-api-clients-d9ca0ac	creating-service-instance-and-service-key-for-inbound-authentication-19af5e2
client-certificate-authentication-for-api-clients-d9ca0ac	http-calls-and-uri-components-ca75e12
client-certificate-authentication-for-api-clients-d9ca0ac	load-balancer-root-certificates-supported-by-sap-4509f60
client-certificate-authentication-for-api-clients-d9ca0ac	service-key-types-0fc1446
client-certificate-authentication-for-api-clients-d9ca0ac	tasks-and-permissions-for-cloud-integration-556d557
client-certificate-authentication-for-integration-flow-processing-7f84d16	client-certificate-authentication-inbound-4ec6192
client-certificate-authentication-for-integration-flow-processing-7f84d16	creating-service-instance-and-service-key-for-inbound-authentication-19af5e2
client-certificate-authentication-for-integration-flow-processing-7f84d16	load-balancer-root-certificates-supported-by-sap-4509f60
client-certificate-authentication-for-integration-flow-processing-7f84d16	managing-user-roles-4e86f0d
client-certificate-authentication-for-integration-flow-processing-7f84d16	oauth-with-client-credentials-grant-for-integration-flow-processing-6c052ce
client-certificate-authentication-for-integration-flow-processing-7f84d16	service-key-types-0fc1446
client-certificate-authentication-for-integration-flow-processing-7f84d16	using-the-connectivity-test-to-get-the-load-balancer-server-root-certificate-5d6cbf4
client-certificate-authentication-inbound-4ec6192	client-certificate-authentication-for-integration-flow-processing-7f84d16
client-certificate-authentication-inbound-4ec6192	keystore-b163513
client-certificate-authentication-inbound-4ec6192	load-balancer-root-certificates-supported-by-sap-4509f60
clone-api-management-content-7abd887	accessing-api-management-apis-programmatically-24a2c37
clone-api-management-content-7abd887	accessing-developer-hub-apis-programmatically-dabee6e
clone-api-management-content-7abd887	cloned-and-uncloned-entities-8973ca0
clone-api-management-content-7abd887	post-cloning-tasks-116d82c
clone-api-management-content-7abd887	transport-apis-and-its-related-contents-eb83118
clone-api-management-content-between-cloud-foundry-environments-2e5d127	accessing-api-management-apis-programmatically-24a2c37
clone-api-management-content-between-cloud-foundry-environments-2e5d127	accessing-developer-hub-apis-programmatically-dabee6e
clone-api-management-content-between-cloud-foundry-environments-2e5d127	cloned-and-uncloned-entities-b2b393d
clone-api-management-content-between-cloud-foundry-environments-2e5d127	post-cloning-tasks-49e9716
clone-api-management-content-between-cloud-foundry-environments-2e5d127	transport-apis-and-its-related-contents-eb83118
cloned-and-uncloned-entities-8973ca0	post-cloning-tasks-116d82c
cloned-and-uncloned-entities-b2b393d	advanced-api-analytics-5973d4a
cloned-and-uncloned-entities-b2b393d	post-cloning-tasks-116d82c
cloned-and-uncloned-entities-b2b393d	post-cloning-tasks-49e9716
cloud-connector-connectivity-tests-58c0ff0	outbound-sap-cloud-connector-642e87f
combine-xml-files-via-poll-enrich-7b97105	access-header-and-properties-in-xpath-996ce78
combine-xml-files-via-poll-enrich-7b97105	configure-externalized-parameters-of-an-integration-flow-462a478
commonly-used-functions-faced99	define-router-d7fddbd
commonly-used-functions-faced99	headers-and-exchange-properties-provided-by-the-integration-framework-d0fcb09
communication-between-integration-flows-ab5db7b	apply-the-retry-pattern-with-jms-queue-da17d2d
communication-between-integration-flows-ab5db7b	configure-adapter-in-communication-channels-1f06633
communication-between-integration-flows-ab5db7b	configure-the-soap-soap-1-x-sender-adapter-a178913
communication-between-integration-flows-ab5db7b	decouple-sender-and-flows-using-jms-message-queues-3c26902
communication-between-integration-flows-ab5db7b	decouple-sender-and-flows-without-persistence-31d4dec
communication-between-integration-flows-ab5db7b	jms-adapter-0993f2a
communication-between-integration-flows-ab5db7b	outsource-integration-logic-into-separate-integration-flows-0bcf78d
communication-between-integration-flows-ab5db7b	processdirect-adapter-7445718
communication-of-integration-flows-d58e6a6	communication-between-integration-flows-ab5db7b
communication-of-integration-flows-d58e6a6	restrict-an-api-to-http-methods-f3486cb
component-metadata-550b19e	additional-metadata-to-support-edge-integration-cell-f87349e
components-of-api-management-e02ae53	analyze-api-proxies-7712c61
components-of-api-management-e02ae53	build-api-proxies-74c042b
components-of-api-management-e02ae53	create-an-api-proxy-using-the-api-designer-26e1bbd
components-of-api-management-e02ae53	developer-hub-41f7c45
components-of-api-management-e02ae53	monetize-apis-fcdc89b
components-of-api-management-e02ae53	publish-api-proxies-75a4a11
concatenating-files-via-poll-enrich-694a60b	configure-externalized-parameters-of-an-integration-flow-462a478
concurrent-rate-limit-8f22baa	replace-concurrent-rate-limit-policy-with-alternative-policies-b70e0d2
condition-strings-6656100	enable-dynamic-routing-49cbe91
configuration-checklist-for-inbound-authentication-4a428fd	basic-authentication-of-an-idp-user-for-api-clients-57f104d
configuration-checklist-for-inbound-authentication-4a428fd	basic-authentication-of-idp-user-for-integration-flow-processing-5d46e56
configuration-checklist-for-inbound-authentication-4a428fd	basic-authentication-with-clientid-and-clientsecret-for-integration-flow-processing-647eeb3
configuration-checklist-for-inbound-authentication-4a428fd	client-certificate-authentication-for-api-clients-d9ca0ac
configuration-checklist-for-inbound-authentication-4a428fd	client-certificate-authentication-for-integration-flow-processing-7f84d16
configuration-checklist-for-inbound-authentication-4a428fd	creating-service-instance-and-service-key-for-inbound-authentication-19af5e2
configuration-checklist-for-inbound-authentication-4a428fd	managing-service-instances-and-service-keys-using-an-api-6e5db60
configuration-checklist-for-inbound-authentication-4a428fd	oauth-with-client-credentials-grant-for-api-clients-20e26a8
configuration-checklist-for-inbound-authentication-4a428fd	oauth-with-client-credentials-grant-for-integration-flow-processing-6c052ce
configuration-checklist-for-inbound-authentication-4a428fd	tasks-and-permissions-for-cloud-integration-556d557
configure-adapter-in-communication-channels-1f06633	adobe-sign-receiver-adapter-e73852e
configure-adapter-in-communication-channels-1f06633	ai-receiver-adapter-66e89d2
configure-adapter-in-communication-channels-1f06633	amazon-dynamodb-receiver-adapter-36620d5
configure-adapter-in-communication-channels-1f06633	amazon-eventbridge-receiver-adapter-ff3f9ed
configure-adapter-in-communication-channels-1f06633	amazon-kinesis-adapter-986f02f
configure-adapter-in-communication-channels-1f06633	amazonwebservices-receiver-adapter-bc7d1aa
configure-adapter-in-communication-channels-1f06633	amazonwebservices-sender-adapter-16772e3
configure-adapter-in-communication-channels-1f06633	amq-sender-for-sap-integration-suite-advanced-event-mesh-be1e496
configure-adapter-in-communication-channels-1f06633	amqp-receiver-for-sap-event-mesh-0b7cc2f
configure-adapter-in-communication-channels-1f06633	amqp-receiver-for-sap-integration-suite-advanced-event-mesh-5f229c0
configure-adapter-in-communication-channels-1f06633	amqp-sender-for-sap-event-mesh-7d8a83f
configure-adapter-in-communication-channels-1f06633	anaplan-receiver-adapter-364ab57
configure-adapter-in-communication-channels-1f06633	as4-receiver-adapter-3a2fde8
configure-adapter-in-communication-channels-1f06633	as4-sender-adapter-a448605
configure-adapter-in-communication-channels-1f06633	azure-cosmos-db-receiver-adapter-aa8222e
configure-adapter-in-communication-channels-1f06633	azure-service-bus-receiver-adapter-e67db82
configure-adapter-in-communication-channels-1f06633	azure-service-bus-sender-adapter-e80310f
configure-adapter-in-communication-channels-1f06633	bamboohr-receiver-adapter-4f52e62
configure-adapter-in-communication-channels-1f06633	bigcommerce-receiver-graphql-adapter-3dbf284
configure-adapter-in-communication-channels-1f06633	bigcommerce-receiver-rest-adapter-f36aab9
configure-adapter-in-communication-channels-1f06633	box-receiver-adapter-172dfbf
configure-adapter-in-communication-channels-1f06633	configure-the-advanced-event-mesh-receiver-adapter-881f656
configure-adapter-in-communication-channels-1f06633	configure-the-advanced-event-mesh-sender-adapter-abd2efc
configure-adapter-in-communication-channels-1f06633	configure-the-amqp-receiver-adapter-d5660c1
configure-adapter-in-communication-channels-1f06633	configure-the-amqp-sender-adapter-99ce674
configure-adapter-in-communication-channels-1f06633	configure-the-ariba-receiver-adapter-49dffa3
configure-adapter-in-communication-channels-1f06633	configure-the-ariba-sender-adapter-0629b58
configure-adapter-in-communication-channels-1f06633	configure-the-as2-receiver-adapter-9db62be
configure-adapter-in-communication-channels-1f06633	configure-the-as2-sender-adapter-5d7ee17
configure-adapter-in-communication-channels-1f06633	configure-the-azurestorage-receiver-adapter-30f59b0
configure-adapter-in-communication-channels-1f06633	configure-the-azurestorage-sender-adapter-d42134a
configure-adapter-in-communication-channels-1f06633	configure-the-dropbox-receiver-adapter-16ef7b4
configure-adapter-in-communication-channels-1f06633	configure-the-dropbox-sender-adapter-de61991
configure-adapter-in-communication-channels-1f06633	configure-the-ftp-receiver-adapter-c16d331
configure-adapter-in-communication-channels-1f06633	configure-the-ftp-sender-adapter-239042f
configure-adapter-in-communication-channels-1f06633	configure-the-google-cloud-storage-receiver-adapter-5a8ddef
configure-adapter-in-communication-channels-1f06633	configure-the-google-cloud-storage-sender-adapter-ec213ce
configure-adapter-in-communication-channels-1f06633	configure-the-google-pub-sub-receiver-adapter-30df22d
configure-adapter-in-communication-channels-1f06633	configure-the-google-pub-sub-sender-adapter-845ec21
configure-adapter-in-communication-channels-1f06633	configure-the-ibm-mq-jms-receiver-adapter-029bc1b
configure-adapter-in-communication-channels-1f06633	configure-the-ibm-mq-jms-sender-adapter-d655ab4
configure-adapter-in-communication-channels-1f06633	configure-the-ibm-mq-rest-receiver-adapter-45610e7
configure-adapter-in-communication-channels-1f06633	configure-the-ibm-mq-rest-sender-adapter-35cd02d
configure-adapter-in-communication-channels-1f06633	configure-the-idoc-receiver-adapter-018aa88
configure-adapter-in-communication-channels-1f06633	configure-the-idoc-sender-adapter-bf769d6
configure-adapter-in-communication-channels-1f06633	configure-the-jms-receiver-adapter-79edc04
configure-adapter-in-communication-channels-1f06633	configure-the-jms-sender-adapter-161791b
configure-adapter-in-communication-channels-1f06633	configure-the-kafka-receiver-adapter-fc6ee1f
configure-adapter-in-communication-channels-1f06633	configure-the-kafka-sender-adapter-0d849e5
configure-adapter-in-communication-channels-1f06633	configure-the-mail-receiver-adapter-f68d5e0
configure-adapter-in-communication-channels-1f06633	configure-the-microsoft-onedrive-receiver-adapter-4158749
configure-adapter-in-communication-channels-1f06633	configure-the-microsoft-onedrive-sender-adapter-0724136
configure-adapter-in-communication-channels-1f06633	configure-the-microsoft-sharepoint-receiver-adapter-b12b33a
configure-adapter-in-communication-channels-1f06633	configure-the-microsoft-sharepoint-sender-adapter-ce41e85
configure-adapter-in-communication-channels-1f06633	configure-the-odata-sender-adapter-de7aee5
configure-adapter-in-communication-channels-1f06633	configure-the-odata-v2-receiver-adapter-c5c2e38
configure-adapter-in-communication-channels-1f06633	configure-the-odata-v4-receiver-adapter-cd66a12
configure-adapter-in-communication-channels-1f06633	configure-the-processdirect-receiver-adapter-5b7327d
configure-adapter-in-communication-channels-1f06633	configure-the-processdirect-sender-adapter-e340d4c
configure-adapter-in-communication-channels-1f06633	configure-the-rabbitmq-receiver-adapter-e9dfc37
configure-adapter-in-communication-channels-1f06633	configure-the-rabbitmq-sender-adapter-4e3c554
configure-adapter-in-communication-channels-1f06633	configure-the-salesforce-pub-sub-receiver-adapter-6862ff5
configure-adapter-in-communication-channels-1f06633	configure-the-salesforce-pub-sub-sender-adapter-fdb114c
configure-adapter-in-communication-channels-1f06633	configure-the-sftp-receiver-adapter-4ef52cf
configure-adapter-in-communication-channels-1f06633	configure-the-sftp-sender-adapter-2de9ee5
configure-adapter-in-communication-channels-1f06633	configure-the-slack-receiver-adapter-7c2ea64
configure-adapter-in-communication-channels-1f06633	configure-the-slack-sender-adapter-1d93850
configure-adapter-in-communication-channels-1f06633	configure-the-smb-receiver-adapter-ddd0d59
configure-adapter-in-communication-channels-1f06633	configure-the-smb-sender-adapter-95bf6e9
configure-adapter-in-communication-channels-1f06633	configure-the-soap-sap-rm-receiver-adapter-8366495
configure-adapter-in-communication-channels-1f06633	configure-the-soap-sap-rm-sender-adapter-6962234
configure-adapter-in-communication-channels-1f06633	configure-the-soap-soap-1-x-receiver-adapter-57f7b34
configure-adapter-in-communication-channels-1f06633	configure-the-soap-soap-1-x-sender-adapter-a178913
configure-adapter-in-communication-channels-1f06633	configure-the-splunk-receiver-adapter-e8e6ba6
configure-adapter-in-communication-channels-1f06633	configure-the-splunk-sender-adapter-271ad20
configure-adapter-in-communication-channels-1f06633	configure-the-successfactors-odata-v2-receiver-adapter-d16dd12
configure-adapter-in-communication-channels-1f06633	configure-the-successfactors-rest-receiver-adapter-9cff562
configure-adapter-in-communication-channels-1f06633	configure-the-successfactors-rest-sender-adapter-9f0646b
configure-adapter-in-communication-channels-1f06633	configure-the-successfactors-soap-receiver-adapter-360ef42
configure-adapter-in-communication-channels-1f06633	configure-the-successfactors-soap-sender-adapter-874e4b1
configure-adapter-in-communication-channels-1f06633	configure-the-xi-receiver-adapter-5d2670f
configure-adapter-in-communication-channels-1f06633	configure-the-xi-sender-adapter-41a1a57
configure-adapter-in-communication-channels-1f06633	coupa-receiver-adapter-648ac01
configure-adapter-in-communication-channels-1f06633	data-store-sender-adapter-4f5ef3f
configure-adapter-in-communication-channels-1f06633	docusign-receiver-adapter-8f3c523
configure-adapter-in-communication-channels-1f06633	elster-receiver-adapter-e374ef7
configure-adapter-in-communication-channels-1f06633	facebook-receiver-adapter-3dcc408
configure-adapter-in-communication-channels-1f06633	google-bigquery-receiver-adapter-722ed6c
configure-adapter-in-communication-channels-1f06633	google-workspace-adapter-d15c6a5
configure-adapter-in-communication-channels-1f06633	http-receiver-adapter-2da452e
configure-adapter-in-communication-channels-1f06633	https-sender-adapter-0ae4a78
configure-adapter-in-communication-channels-1f06633	hubspot-receiver-adapter-48cfaa8
configure-adapter-in-communication-channels-1f06633	jdbc-for-db2-on-premise-9515cf8
configure-adapter-in-communication-channels-1f06633	jdbc-for-microsoft-sql-server-cloud-4173d0a
configure-adapter-in-communication-channels-1f06633	jdbc-for-microsoft-sql-server-on-premise-9745e40
configure-adapter-in-communication-channels-1f06633	jdbc-for-oracle-cloud-f868182
configure-adapter-in-communication-channels-1f06633	jdbc-for-oracle-on-premise-e6db38a
configure-adapter-in-communication-channels-1f06633	jdbc-for-postgresql-cloud-4d5b488
configure-adapter-in-communication-channels-1f06633	jdbc-for-sap-hana-cloud-187a8e8
configure-adapter-in-communication-channels-1f06633	jdbc-for-sap-hana-platform-on-premise-ff29388
configure-adapter-in-communication-channels-1f06633	jdbc-receiver-adapter-88be644
configure-adapter-in-communication-channels-1f06633	jira-receiver-adapter-d15b560
configure-adapter-in-communication-channels-1f06633	leanix-receiver-adapter-e49c1de
configure-adapter-in-communication-channels-1f06633	mail-sender-for-imap-5b94e42
configure-adapter-in-communication-channels-1f06633	mail-sender-for-pop3-c52a4da
configure-adapter-in-communication-channels-1f06633	microsoft-dynamics-crm-receiver-adapter-ee724c8
configure-adapter-in-communication-channels-1f06633	microsoft-outlook-receiver-adapter-0d61459
configure-adapter-in-communication-channels-1f06633	microsoft-outlook-sender-adapter-47704aa
configure-adapter-in-communication-channels-1f06633	microsoft-teams-receiver-adapter-1f333c3
configure-adapter-in-communication-channels-1f06633	mongodb-receiver-adapter-58b75fc
configure-adapter-in-communication-channels-1f06633	netsuite-receiver-adapter-618127a
configure-adapter-in-communication-channels-1f06633	odc-receiver-adapter-3cdbc29
configure-adapter-in-communication-channels-1f06633	openconnectors-receiver-adapter-1a27cee
configure-adapter-in-communication-channels-1f06633	rfc-receiver-adapter-5c76048
configure-adapter-in-communication-channels-1f06633	salesforce-receiver-adapter-a548be9
configure-adapter-in-communication-channels-1f06633	salesforce-sender-adapter-ba6420d
configure-adapter-in-communication-channels-1f06633	sap-master-data-integration-receiver-adapter-e91e373
configure-adapter-in-communication-channels-1f06633	servicenow-receiver-adapter-1e3bcf4
configure-adapter-in-communication-channels-1f06633	shopify-graphql-receiver-adapter-484c676
configure-adapter-in-communication-channels-1f06633	shopify-rest-receiver-adapter-34865bc
configure-adapter-in-communication-channels-1f06633	snowflake-receiver-adapter-1299e68
configure-adapter-in-communication-channels-1f06633	successfactors-odata-v4-receiver-adapter-cd091fc
configure-adapter-in-communication-channels-1f06633	sugarcrm-receiver-adapter-d96ddf7
configure-adapter-in-communication-channels-1f06633	twilio-receiver-adapter-7445ab3
configure-adapter-in-communication-channels-1f06633	twitter-receiver-adapter-453c174
configure-adapter-in-communication-channels-1f06633	workday-receiver-adapter-0c6e670
configure-adapter-in-communication-channels-1f06633	zendesk-receiver-adapter-01bd8bb
configure-adapters-d0a6bc8	consume-a-public-http-service-with-query-parameters-342c20a
configure-adapters-d0a6bc8	copying-the-integration-package-and-deploying-the-integration-flows-2cb1d31
configure-an-api-artifact-79aee17	add-policies-to-artifacts-c2b3e56
configure-an-api-artifact-79aee17	add-resources-to-an-api-artifact-b5d0e4c
configure-an-api-artifact-79aee17	api-artifact-versioning-3f2e06b
configure-an-api-artifact-79aee17	openapi-specification-editors-2bf94eb
configure-an-api-artifact-79aee17	working-with-policies-and-mediation-steps-c744df5
configure-an-mcp-server-created-from-an-api-artifact-81b30d1	add-policies-to-artifacts-c2b3e56
configure-an-mcp-server-created-from-an-api-artifact-81b30d1	authentication-fa6eec4
configure-an-mcp-server-created-from-an-api-artifact-81b30d1	authorization-6658409
configure-an-mcp-server-created-from-an-api-artifact-81b30d1	ip-filter-3a8b424
configure-an-mcp-server-created-from-an-api-artifact-81b30d1	quota-2aecf15
configure-an-mcp-server-created-from-an-api-artifact-81b30d1	surge-protection-3d14745
configure-an-mcp-server-created-from-an-api-artifact-81b30d1	synchronize-api-changes-to-your-mcp-server-bd93c74
configure-an-mcp-server-created-from-an-http-endpoint-f58f7b0	add-policies-to-artifacts-c2b3e56
configure-an-mcp-server-created-from-an-http-endpoint-f58f7b0	authentication-fa6eec4
configure-an-mcp-server-created-from-an-http-endpoint-f58f7b0	authorization-6658409
configure-an-mcp-server-created-from-an-http-endpoint-f58f7b0	ip-filter-3a8b424
configure-an-mcp-server-created-from-an-http-endpoint-f58f7b0	quota-2aecf15
configure-an-mcp-server-created-from-an-http-endpoint-f58f7b0	surge-protection-3d14745
configure-an-mcp-server-created-from-an-rfc-based-backend-8e51574	add-policies-to-artifacts-c2b3e56
configure-an-mcp-server-created-from-an-rfc-based-backend-8e51574	authentication-fa6eec4
configure-an-mcp-server-created-from-an-rfc-based-backend-8e51574	authorization-6658409
configure-an-mcp-server-created-from-an-rfc-based-backend-8e51574	ip-filter-3a8b424
configure-an-mcp-server-created-from-an-rfc-based-backend-8e51574	quota-2aecf15
configure-an-mcp-server-created-from-an-rfc-based-backend-8e51574	surge-protection-3d14745
configure-apis-fdf5373	accessing-on-premise-systems-through-api-management-2fc7a5b
configure-apis-fdf5373	adding-externally-managed-apis-523ff94
configure-apis-fdf5373	build-api-proxies-74c042b
configure-apis-fdf5373	create-an-api-provider-6b263e2
configure-apis-fdf5373	create-an-api-proxy-based-on-an-existing-api-proxy-54831ca
configure-apis-fdf5373	create-an-api-proxy-by-providing-a-direct-target-endpoint-url-d0f5087
configure-apis-fdf5373	create-an-api-proxy-by-referring-to-an-api-provider-system-84628b9
configure-externalized-parameters-024b8fd	create-new-parameters-in-externalization-editor-417e4e8
configure-externalized-parameters-of-an-integration-flow-462a478	monitor-message-processing-314df3f
configure-externalized-parameters-of-an-integration-flow-462a478	runtime-profiles-8007daa
configure-governance-settings-for-apis-and-events-7446560	create-a-destination-for-approving-and-rejecting-subscriptions-71230dc
configure-governance-settings-for-apis-and-events-7446560	setting-up-external-governance-8b4f848
configure-jdbc-drivers-77c7d95	managing-jdbc-data-sources-4c873fa
configure-load-balancing-during-import-2cd47e2	import-an-api-definition-9342a93
configure-mcp-server-access-using-an-external-identity-provider-fbea412	authorization-6658409
configure-mcp-server-access-using-default-authentication-xsuaa-dc283ab	assigning-role-collections-to-users-80bb02e
configure-mcp-server-access-using-default-authentication-xsuaa-dc283ab	authorization-6658409
configure-mcp-server-access-using-default-authentication-xsuaa-dc283ab	creating-a-custom-role-collection-for-fine-grained-access-control-4a26b60
configure-mcp-server-access-using-default-authentication-xsuaa-dc283ab	invoke-an-api-artifact-by-obtaining-credentials-through-process-integration-runtime-b63baa2
configure-mcp-server-access-using-default-authentication-xsuaa-dc283ab	subscribe-to-products-to-make-mcp-servers-agent-ready-2df6934
configure-receiver-channel-with-ebms3-pull-7cdde30	overview-of-integration-flow-editor-db10beb
configure-receiver-channel-with-ebms3-pull-7cdde30	runtime-profiles-8007daa
configure-receiver-channel-with-ebms3-pull-7cdde30	updating-your-existing-integration-flow-1f9e879
configure-receiver-channel-with-ebms3-push-449f6e9	overview-of-integration-flow-editor-db10beb
configure-receiver-channel-with-ebms3-push-449f6e9	runtime-profiles-8007daa
configure-receiver-channel-with-ebms3-push-449f6e9	updating-your-existing-integration-flow-1f9e879
configure-simulation-45a71f8	optimize-groovy-scripts-with-ai-3b7a5a1
configure-simulation-45a71f8	using-various-types-of-body-files-in-the-simulation-2e3cf3b
configure-the-advanced-event-mesh-receiver-adapter-881f656	consuming-integration-adapters-from-sap-business-accelerator-hub-b9250fb
configure-the-advanced-event-mesh-receiver-adapter-881f656	deploying-an-oauth2-authorization-code-081bfd7
configure-the-advanced-event-mesh-receiver-adapter-881f656	deploying-an-oauth2-client-credentials-artifact-801b106
configure-the-advanced-event-mesh-sender-adapter-abd2efc	consuming-integration-adapters-from-sap-business-accelerator-hub-b9250fb
configure-the-advanced-event-mesh-sender-adapter-abd2efc	specify-the-runtime-configuration-0c1c96e
configure-the-amqp-receiver-adapter-d5660c1	about-headers-and-exchange-properties-0974c4f
configure-the-amqp-receiver-adapter-d5660c1	content-modifier-basics-b0576a8
configure-the-amqp-receiver-adapter-d5660c1	oauth-2-0-3823134
configure-the-amqp-receiver-adapter-d5660c1	overview-of-integration-flow-editor-db10beb
configure-the-amqp-receiver-adapter-d5660c1	runtime-profiles-8007daa
configure-the-amqp-receiver-adapter-d5660c1	updating-your-existing-integration-flow-1f9e879
configure-the-amqp-receiver-adapter-d5660c1	using-sap-cloud-connector-with-cloud-integration-adapters-65a60e7
configure-the-amqp-sender-adapter-99ce674	headers-and-exchange-properties-provided-by-the-integration-framework-d0fcb09
configure-the-amqp-sender-adapter-99ce674	oauth-2-0-3823134
configure-the-amqp-sender-adapter-99ce674	overview-of-integration-flow-editor-db10beb
configure-the-amqp-sender-adapter-99ce674	runtime-profiles-8007daa
configure-the-amqp-sender-adapter-99ce674	updating-your-existing-integration-flow-1f9e879
configure-the-amqp-sender-adapter-99ce674	using-sap-cloud-connector-with-cloud-integration-adapters-65a60e7
configure-the-ariba-receiver-adapter-49dffa3	overview-of-integration-flow-editor-db10beb
configure-the-ariba-receiver-adapter-49dffa3	runtime-profiles-8007daa
configure-the-ariba-receiver-adapter-49dffa3	updating-your-existing-integration-flow-1f9e879
configure-the-ariba-sender-adapter-0629b58	overview-of-integration-flow-editor-db10beb
configure-the-ariba-sender-adapter-0629b58	runtime-profiles-8007daa
configure-the-ariba-sender-adapter-0629b58	updating-your-existing-integration-flow-1f9e879
configure-the-as2-mdn-sender-adapter-c54effe	managing-message-queues-cdcce24
configure-the-as2-mdn-sender-adapter-c54effe	overview-of-integration-flow-editor-db10beb
configure-the-as2-mdn-sender-adapter-c54effe	parameterizing-integration-flows-using-the-partner-directory-b7812a5
configure-the-as2-mdn-sender-adapter-c54effe	tasks-and-permissions-for-cloud-integration-556d557
configure-the-as2-receiver-adapter-9db62be	managing-message-queues-cdcce24
configure-the-as2-receiver-adapter-9db62be	overview-of-integration-flow-editor-db10beb
configure-the-as2-receiver-adapter-9db62be	runtime-profiles-8007daa
configure-the-as2-receiver-adapter-9db62be	updating-your-existing-integration-flow-1f9e879
configure-the-as2-sender-adapter-5d7ee17	define-a-local-script-step-03b32eb
configure-the-as2-sender-adapter-5d7ee17	managing-message-queues-cdcce24
configure-the-as2-sender-adapter-5d7ee17	overview-of-integration-flow-editor-db10beb
configure-the-as2-sender-adapter-5d7ee17	parameterizing-integration-flows-using-the-partner-directory-b7812a5
configure-the-as2-sender-adapter-5d7ee17	runtime-profiles-8007daa
configure-the-as2-sender-adapter-5d7ee17	tasks-and-permissions-for-cloud-integration-556d557
configure-the-as2-sender-adapter-5d7ee17	updating-your-existing-integration-flow-1f9e879
configure-the-azurestorage-receiver-adapter-30f59b0	consuming-integration-adapters-from-sap-business-accelerator-hub-b9250fb
configure-the-azurestorage-sender-adapter-d42134a	consuming-integration-adapters-from-sap-business-accelerator-hub-b9250fb
configure-the-dropbox-receiver-adapter-16ef7b4	consuming-integration-adapters-from-sap-business-accelerator-hub-b9250fb
configure-the-dropbox-sender-adapter-de61991	consuming-integration-adapters-from-sap-business-accelerator-hub-b9250fb
configure-the-ftp-receiver-adapter-c16d331	configure-the-sftp-receiver-adapter-4ef52cf
configure-the-ftp-receiver-adapter-c16d331	dynamically-configure-integration-flow-parameters-fff5b2a
configure-the-ftp-receiver-adapter-c16d331	overview-of-integration-flow-editor-db10beb
configure-the-ftp-receiver-adapter-c16d331	runtime-profiles-8007daa
configure-the-ftp-receiver-adapter-c16d331	updating-your-existing-integration-flow-1f9e879
configure-the-ftp-receiver-adapter-c16d331	using-sap-cloud-connector-with-cloud-integration-adapters-65a60e7
configure-the-ftp-sender-adapter-239042f	configure-the-sftp-sender-adapter-2de9ee5
configure-the-ftp-sender-adapter-239042f	runtime-profiles-8007daa
configure-the-ftp-sender-adapter-239042f	updating-your-existing-integration-flow-1f9e879
configure-the-ftp-sender-adapter-239042f	using-sap-cloud-connector-with-cloud-integration-adapters-65a60e7
configure-the-ftp-sender-adapter-used-with-the-poll-enrich-step-3eca3f8	define-poll-enrich-f8c8c1d
configure-the-ftp-sender-adapter-used-with-the-poll-enrich-step-3eca3f8	dynamically-configure-integration-flow-parameters-fff5b2a
configure-the-ftp-sender-adapter-used-with-the-poll-enrich-step-3eca3f8	runtime-profiles-8007daa
configure-the-ftp-sender-adapter-used-with-the-poll-enrich-step-3eca3f8	updating-your-existing-integration-flow-1f9e879
configure-the-ftp-sender-adapter-used-with-the-poll-enrich-step-3eca3f8	using-sap-cloud-connector-with-cloud-integration-adapters-65a60e7
configure-the-idoc-receiver-adapter-018aa88	define-aggregator-aa23816
configure-the-idoc-receiver-adapter-018aa88	headers-and-exchange-properties-provided-by-the-integration-framework-d0fcb09
configure-the-idoc-receiver-adapter-018aa88	quality-of-service-exactly-once-f96cf27
configure-the-idoc-receiver-adapter-018aa88	runtime-profiles-8007daa
configure-the-idoc-receiver-adapter-018aa88	special-use-cases-sap-rm-vs-xi-vs-idoc-5f7fa93
configure-the-idoc-receiver-adapter-018aa88	updating-your-existing-integration-flow-1f9e879
configure-the-idoc-sender-adapter-bf769d6	headers-and-exchange-properties-provided-by-the-integration-framework-d0fcb09
configure-the-idoc-sender-adapter-bf769d6	runtime-profiles-8007daa
configure-the-idoc-sender-adapter-bf769d6	updating-your-existing-integration-flow-1f9e879
configure-the-jms-receiver-adapter-79edc04	headers-and-exchange-properties-provided-by-the-integration-framework-d0fcb09
configure-the-jms-receiver-adapter-79edc04	jms-resource-limits-and-optimizing-their-usage-4857054
configure-the-jms-receiver-adapter-79edc04	overview-of-integration-flow-editor-db10beb
configure-the-jms-receiver-adapter-79edc04	runtime-profiles-8007daa
configure-the-jms-receiver-adapter-79edc04	updating-your-existing-integration-flow-1f9e879
configure-the-jms-sender-adapter-161791b	jms-resource-limits-and-optimizing-their-usage-4857054
configure-the-jms-sender-adapter-161791b	overview-of-integration-flow-editor-db10beb
configure-the-jms-sender-adapter-161791b	runtime-profiles-8007daa
configure-the-jms-sender-adapter-161791b	updating-your-existing-integration-flow-1f9e879
configure-the-kafka-receiver-adapter-fc6ee1f	dynamically-configure-integration-flow-parameters-fff5b2a
configure-the-kafka-receiver-adapter-fc6ee1f	managing-keystore-entries-2dc8942
configure-the-kafka-receiver-adapter-fc6ee1f	overview-of-integration-flow-editor-db10beb
configure-the-kafka-receiver-adapter-fc6ee1f	runtime-profiles-8007daa
configure-the-kafka-receiver-adapter-fc6ee1f	specify-the-runtime-configuration-0c1c96e
configure-the-kafka-receiver-adapter-fc6ee1f	tls-connectivity-tests-03bbb5d
configure-the-kafka-receiver-adapter-fc6ee1f	updating-your-existing-integration-flow-1f9e879
configure-the-kafka-sender-adapter-0d849e5	managing-keystore-entries-2dc8942
configure-the-kafka-sender-adapter-0d849e5	monitor-integrations-05446d0
configure-the-kafka-sender-adapter-0d849e5	overview-of-integration-flow-editor-db10beb
configure-the-kafka-sender-adapter-0d849e5	runtime-profiles-8007daa
configure-the-kafka-sender-adapter-0d849e5	specify-the-runtime-configuration-0c1c96e
configure-the-kafka-sender-adapter-0d849e5	tls-connectivity-tests-03bbb5d
configure-the-kafka-sender-adapter-0d849e5	updating-your-existing-integration-flow-1f9e879
configure-the-mail-receiver-adapter-f68d5e0	deploying-a-user-credentials-artifact-6912d63
configure-the-mail-receiver-adapter-f68d5e0	deploying-an-oauth2-authorization-code-081bfd7
configure-the-mail-receiver-adapter-f68d5e0	managing-security-material-b8ccb53
configure-the-mail-receiver-adapter-f68d5e0	runtime-profiles-8007daa
configure-the-mail-receiver-adapter-f68d5e0	updating-your-existing-integration-flow-1f9e879
configure-the-mail-receiver-adapter-f68d5e0	using-sap-cloud-connector-with-cloud-integration-adapters-65a60e7
configure-the-mail-sender-adapter-e23e9cc	deploying-a-user-credentials-artifact-6912d63
configure-the-mail-sender-adapter-e23e9cc	deploying-an-oauth2-authorization-code-081bfd7
configure-the-mail-sender-adapter-e23e9cc	important-notes-on-security-risks-and-mailbox-settings-34aa095
configure-the-mail-sender-adapter-e23e9cc	message-locks-bce9ae0
configure-the-mail-sender-adapter-e23e9cc	overview-of-integration-flow-editor-db10beb
configure-the-mail-sender-adapter-e23e9cc	runtime-profiles-8007daa
configure-the-mail-sender-adapter-e23e9cc	updating-your-existing-integration-flow-1f9e879
configure-the-mail-sender-adapter-e23e9cc	using-sap-cloud-connector-with-cloud-integration-adapters-65a60e7
configure-the-microsoft-onedrive-receiver-adapter-4158749	consuming-integration-adapters-from-sap-business-accelerator-hub-b9250fb
configure-the-microsoft-onedrive-sender-adapter-0724136	consuming-integration-adapters-from-sap-business-accelerator-hub-b9250fb
configure-the-microsoft-sharepoint-receiver-adapter-b12b33a	consuming-integration-adapters-from-sap-business-accelerator-hub-b9250fb
configure-the-microsoft-sharepoint-sender-adapter-ce41e85	consuming-integration-adapters-from-sap-business-accelerator-hub-b9250fb
configure-the-nfs-receiver-adapter-0ed683b	dynamically-configure-integration-flow-parameters-fff5b2a
configure-the-odata-sender-adapter-de7aee5	externalize-parameters-of-an-integration-flow-45b2a07
configure-the-odata-sender-adapter-de7aee5	oauth-with-client-credentials-grant-for-api-clients-20e26a8
configure-the-odata-sender-adapter-de7aee5	overview-of-integration-flow-editor-db10beb
configure-the-odata-sender-adapter-de7aee5	runtime-profiles-8007daa
configure-the-odata-sender-adapter-de7aee5	tasks-and-permissions-for-cloud-integration-556d557
configure-the-odata-sender-adapter-de7aee5	updating-your-existing-integration-flow-1f9e879
configure-the-odata-sender-adapter-de7aee5	use-csrf-protection-a0765d5
configure-the-odata-v2-receiver-adapter-c5c2e38	deploying-an-oauth2-password-credentials-37c919d
configure-the-odata-v2-receiver-adapter-c5c2e38	externalize-parameters-of-an-integration-flow-45b2a07
configure-the-odata-v2-receiver-adapter-c5c2e38	receiver-is-idempotent-f5b22ba
configure-the-odata-v2-receiver-adapter-c5c2e38	runtime-profiles-8007daa
configure-the-odata-v2-receiver-adapter-c5c2e38	updating-your-existing-integration-flow-1f9e879
configure-the-odata-v4-receiver-adapter-cd66a12	externalize-parameters-of-an-integration-flow-45b2a07
configure-the-odata-v4-receiver-adapter-cd66a12	overview-of-integration-flow-editor-db10beb
configure-the-odata-v4-receiver-adapter-cd66a12	runtime-profiles-8007daa
configure-the-odata-v4-receiver-adapter-cd66a12	updating-your-existing-integration-flow-1f9e879
configure-the-oftp-sender-adapter-3420f2a	managing-message-queues-cdcce24
configure-the-processdirect-receiver-adapter-5b7327d	overview-of-integration-flow-editor-db10beb
configure-the-processdirect-sender-adapter-e340d4c	overview-of-integration-flow-editor-db10beb
configure-the-rabbitmq-receiver-adapter-e9dfc37	consuming-integration-adapters-from-sap-business-accelerator-hub-b9250fb
configure-the-rabbitmq-sender-adapter-4e3c554	consuming-integration-adapters-from-sap-business-accelerator-hub-b9250fb
configure-the-rnif-receiver-adapter-556d7e3	dynamic-configuration-via-partner-directory-a9cc79d
configure-the-rnif-sender-adapter-8dbb4ac	dynamic-configuration-via-partner-directory-a9cc79d
configure-the-sender-channel-with-ebms3-pull-4f5ddb3	runtime-profiles-8007daa
configure-the-sender-channel-with-ebms3-pull-4f5ddb3	updating-your-existing-integration-flow-1f9e879
configure-the-sender-channel-with-ebms3-push-3dc3907	runtime-profiles-8007daa
configure-the-sender-channel-with-ebms3-push-3dc3907	updating-your-existing-integration-flow-1f9e879
configure-the-sender-channel-with-ebms3-receipt-428ae65	runtime-profiles-8007daa
configure-the-sender-channel-with-ebms3-receipt-428ae65	updating-your-existing-integration-flow-1f9e879
configure-the-sftp-receiver-adapter-4ef52cf	dynamically-configure-integration-flow-parameters-fff5b2a
configure-the-sftp-receiver-adapter-4ef52cf	ftp-adapter-4464f89
configure-the-sftp-receiver-adapter-4ef52cf	overview-of-integration-flow-editor-db10beb
configure-the-sftp-receiver-adapter-4ef52cf	runtime-profiles-8007daa
configure-the-sftp-receiver-adapter-4ef52cf	setting-up-outbound-sftp-connections-details-15401a7
configure-the-sftp-receiver-adapter-4ef52cf	updating-your-existing-integration-flow-1f9e879
configure-the-sftp-receiver-adapter-4ef52cf	using-sap-cloud-connector-with-cloud-integration-adapters-65a60e7
configure-the-sftp-sender-adapter-2de9ee5	define-exception-subprocess-690e078
configure-the-sftp-sender-adapter-2de9ee5	ftp-adapter-4464f89
configure-the-sftp-sender-adapter-2de9ee5	integration-flow-deployed-on-multiple-worker-nodes-95bb34a
configure-the-sftp-sender-adapter-2de9ee5	manage-integration-content-09a7223
configure-the-sftp-sender-adapter-2de9ee5	managing-security-material-b8ccb53
configure-the-sftp-sender-adapter-2de9ee5	message-locks-bce9ae0
configure-the-sftp-sender-adapter-2de9ee5	message-processing-log-b32f8cd
configure-the-sftp-sender-adapter-2de9ee5	overview-of-integration-flow-editor-db10beb
configure-the-sftp-sender-adapter-2de9ee5	performing-connectivity-tests-d5b2fae
configure-the-sftp-sender-adapter-2de9ee5	runtime-profiles-8007daa
configure-the-sftp-sender-adapter-2de9ee5	setting-up-inbound-sftp-connections-details-e72eba4
configure-the-sftp-sender-adapter-2de9ee5	updating-your-existing-integration-flow-1f9e879
configure-the-sftp-sender-adapter-2de9ee5	using-sap-cloud-connector-with-cloud-integration-adapters-65a60e7
configure-the-sftp-sender-adapter-used-with-the-poll-enrich-step-1f15fe2	define-poll-enrich-f8c8c1d
configure-the-sftp-sender-adapter-used-with-the-poll-enrich-step-1f15fe2	dynamically-configure-integration-flow-parameters-fff5b2a
configure-the-sftp-sender-adapter-used-with-the-poll-enrich-step-1f15fe2	runtime-profiles-8007daa
configure-the-sftp-sender-adapter-used-with-the-poll-enrich-step-1f15fe2	updating-your-existing-integration-flow-1f9e879
configure-the-sftp-sender-adapter-used-with-the-poll-enrich-step-1f15fe2	using-sap-cloud-connector-with-cloud-integration-adapters-65a60e7
configure-the-slack-receiver-adapter-7c2ea64	consuming-integration-adapters-from-sap-business-accelerator-hub-b9250fb
configure-the-slack-receiver-adapter-7c2ea64	deploying-a-secure-parameter-artifact-4641d6c
configure-the-slack-receiver-adapter-7c2ea64	dynamically-configure-integration-flow-parameters-fff5b2a
configure-the-slack-receiver-adapter-7c2ea64	list-of-method-groups-95929c6
configure-the-slack-sender-adapter-1d93850	consuming-integration-adapters-from-sap-business-accelerator-hub-b9250fb
configure-the-slack-sender-adapter-1d93850	deploying-a-secure-parameter-artifact-4641d6c
configure-the-smb-receiver-adapter-ddd0d59	consuming-integration-adapters-from-sap-business-accelerator-hub-b9250fb
configure-the-smb-sender-adapter-95bf6e9	consuming-integration-adapters-from-sap-business-accelerator-hub-b9250fb
configure-the-soap-sap-rm-receiver-adapter-8366495	overview-of-integration-flow-editor-db10beb
configure-the-soap-sap-rm-receiver-adapter-8366495	runtime-profiles-8007daa
configure-the-soap-sap-rm-receiver-adapter-8366495	special-use-cases-sap-rm-vs-xi-vs-idoc-5f7fa93
configure-the-soap-sap-rm-receiver-adapter-8366495	updating-your-existing-integration-flow-1f9e879
configure-the-soap-sap-rm-receiver-adapter-8366495	using-sap-cloud-connector-with-cloud-integration-adapters-65a60e7
configure-the-soap-sap-rm-sender-adapter-6962234	overview-of-integration-flow-editor-db10beb
configure-the-soap-sap-rm-sender-adapter-6962234	runtime-profiles-8007daa
configure-the-soap-sap-rm-sender-adapter-6962234	updating-your-existing-integration-flow-1f9e879
configure-the-soap-soap-1-x-receiver-adapter-57f7b34	manage-references-b5968b2
configure-the-soap-soap-1-x-receiver-adapter-57f7b34	oauth-2-0-3823134
configure-the-soap-soap-1-x-receiver-adapter-57f7b34	overview-of-integration-flow-editor-db10beb
configure-the-soap-soap-1-x-receiver-adapter-57f7b34	runtime-profiles-8007daa
configure-the-soap-soap-1-x-receiver-adapter-57f7b34	updating-your-existing-integration-flow-1f9e879
configure-the-soap-soap-1-x-receiver-adapter-57f7b34	ws-security-configuration-for-the-receiver-soap-1-x-adapter-e9f42bf
configure-the-soap-soap-1-x-sender-adapter-a178913	authentication-options-inbound-5495ee0
configure-the-soap-soap-1-x-sender-adapter-a178913	manage-references-b5968b2
configure-the-soap-soap-1-x-sender-adapter-a178913	overview-of-integration-flow-editor-db10beb
configure-the-soap-soap-1-x-sender-adapter-a178913	runtime-profiles-8007daa
configure-the-soap-soap-1-x-sender-adapter-a178913	updating-your-existing-integration-flow-1f9e879
configure-the-soap-soap-1-x-sender-adapter-a178913	ws-security-configuration-for-the-sender-soap-1-x-adapter-e53bb5c
configure-the-splunk-receiver-adapter-e8e6ba6	consuming-integration-adapters-from-sap-business-accelerator-hub-b9250fb
configure-the-splunk-receiver-adapter-e8e6ba6	deploying-a-secure-parameter-artifact-4641d6c
configure-the-splunk-receiver-adapter-e8e6ba6	deploying-a-user-credentials-artifact-6912d63
configure-the-splunk-receiver-adapter-e8e6ba6	dynamically-configure-integration-flow-parameters-fff5b2a
configure-the-splunk-receiver-adapter-e8e6ba6	operations-and-methods-a5ffb3f
configure-the-splunk-receiver-adapter-e8e6ba6	using-sap-cloud-connector-with-cloud-integration-adapters-65a60e7
configure-the-splunk-sender-adapter-271ad20	consuming-integration-adapters-from-sap-business-accelerator-hub-b9250fb
configure-the-splunk-sender-adapter-271ad20	deploying-a-secure-parameter-artifact-4641d6c
configure-the-splunk-sender-adapter-271ad20	deploying-a-user-credentials-artifact-6912d63
configure-the-splunk-sender-adapter-271ad20	dynamically-configure-integration-flow-parameters-fff5b2a
configure-the-splunk-sender-adapter-271ad20	using-sap-cloud-connector-with-cloud-integration-adapters-65a60e7
configure-the-successfactors-odata-v2-receiver-adapter-d16dd12	deploying-an-oauth2-saml-bearer-assertion-3ee6582
configure-the-successfactors-odata-v2-receiver-adapter-d16dd12	externalize-parameters-of-an-integration-flow-45b2a07
configure-the-successfactors-odata-v2-receiver-adapter-d16dd12	runtime-profiles-8007daa
configure-the-successfactors-odata-v2-receiver-adapter-d16dd12	specify-the-runtime-configuration-0c1c96e
configure-the-successfactors-odata-v2-receiver-adapter-d16dd12	updating-your-existing-integration-flow-1f9e879
configure-the-successfactors-rest-receiver-adapter-9cff562	overview-of-integration-flow-editor-db10beb
configure-the-successfactors-rest-receiver-adapter-9cff562	runtime-profiles-8007daa
configure-the-successfactors-rest-receiver-adapter-9cff562	updating-your-existing-integration-flow-1f9e879
configure-the-successfactors-rest-sender-adapter-9f0646b	overview-of-integration-flow-editor-db10beb
configure-the-successfactors-rest-sender-adapter-9f0646b	runtime-profiles-8007daa
configure-the-successfactors-rest-sender-adapter-9f0646b	updating-your-existing-integration-flow-1f9e879
configure-the-successfactors-soap-receiver-adapter-360ef42	deploying-an-oauth2-saml-bearer-assertion-3ee6582
configure-the-successfactors-soap-receiver-adapter-360ef42	modifying-successfactors-soap-entity-and-operation-a6ee603
configure-the-successfactors-soap-receiver-adapter-360ef42	overview-of-integration-flow-editor-db10beb
configure-the-successfactors-soap-receiver-adapter-360ef42	runtime-profiles-8007daa
configure-the-successfactors-soap-receiver-adapter-360ef42	specify-the-runtime-configuration-0c1c96e
configure-the-successfactors-soap-receiver-adapter-360ef42	updating-your-existing-integration-flow-1f9e879
configure-the-successfactors-soap-sender-adapter-874e4b1	deploying-an-oauth2-saml-bearer-assertion-3ee6582
configure-the-successfactors-soap-sender-adapter-874e4b1	modifying-successfactors-soap-entity-and-operation-a6ee603
configure-the-successfactors-soap-sender-adapter-874e4b1	overview-of-integration-flow-editor-db10beb
configure-the-successfactors-soap-sender-adapter-874e4b1	runtime-profiles-8007daa
configure-the-successfactors-soap-sender-adapter-874e4b1	specify-the-runtime-configuration-0c1c96e
configure-the-successfactors-soap-sender-adapter-874e4b1	updating-your-existing-integration-flow-1f9e879
configure-the-xi-receiver-adapter-5d2670f	apply-the-retry-pattern-97789c9
configure-the-xi-receiver-adapter-5d2670f	dynamically-configure-integration-flow-parameters-fff5b2a
configure-the-xi-receiver-adapter-5d2670f	headers-and-exchange-properties-provided-by-the-integration-framework-d0fcb09
configure-the-xi-receiver-adapter-5d2670f	runtime-profiles-8007daa
configure-the-xi-receiver-adapter-5d2670f	sdk-api-c5c7933
configure-the-xi-receiver-adapter-5d2670f	sender-with-xi-protocol-and-receiver-with-sap-rm-protocol-090abf3
configure-the-xi-receiver-adapter-5d2670f	updating-your-existing-integration-flow-1f9e879
configure-the-xi-sender-adapter-41a1a57	apply-the-retry-pattern-97789c9
configure-the-xi-sender-adapter-41a1a57	authentication-options-inbound-5495ee0
configure-the-xi-sender-adapter-41a1a57	headers-and-exchange-properties-provided-by-the-integration-framework-d0fcb09
configure-the-xi-sender-adapter-41a1a57	runtime-profiles-8007daa
configure-the-xi-sender-adapter-41a1a57	sender-with-xi-protocol-and-receiver-with-sap-rm-protocol-090abf3
configure-the-xi-sender-adapter-41a1a57	updating-your-existing-integration-flow-1f9e879
configuring-a-custom-domain-for-a-virtual-host-6b9e5a3	accessing-api-management-apis-programmatically-24a2c37
configuring-a-custom-domain-for-a-virtual-host-6b9e5a3	configuring-mutual-tls-for-custom-domain-virtual-host-2453233
configuring-a-custom-domain-for-a-virtual-host-6b9e5a3	configuring-mutual-tls-for-default-domain-virtual-host-9faf7ce
configuring-a-custom-domain-for-a-virtual-host-6b9e5a3	manage-certificates-c665875
configuring-a-custom-domain-for-a-virtual-host-6b9e5a3	working-with-references-6f96b64
configuring-a-default-domain-for-a-virtual-host-1085228	accessing-api-management-apis-programmatically-24a2c37
configuring-a-default-domain-for-a-virtual-host-1085228	configuring-a-custom-domain-for-a-virtual-host-6b9e5a3
configuring-a-default-domain-for-a-virtual-host-1085228	configuring-mutual-tls-for-default-domain-virtual-host-9faf7ce
configuring-additional-virtual-host-26c7416	client-certificate-authentication-for-integration-flow-processing-7f84d16
configuring-apis-for-anomaly-detection-9e7e5d1	anomaly-detection-7a4fe7d
configuring-archiving-settings-c38760d	configuring-destination-c1ac580
configuring-connectivity-to-an-sap-process-orchestration-system-8c36fd2	importing-content-from-sap-process-orchestration-system-53db5fb
configuring-data-types-97ad101	editing-data-type-7136a31
configuring-fault-message-type-6dfaa7a	configuring-data-types-97ad101
configuring-fault-message-type-6dfaa7a	editing-data-type-7136a31
configuring-inbound-http-connections-f568400	setting-up-inbound-http-connections-for-api-clients-8db3d51
configuring-inbound-http-connections-f568400	setting-up-inbound-http-connections-integration-flow-processing-0f92842
configuring-message-types-2eb71b8	configuring-data-types-97ad101
configuring-message-types-2eb71b8	editing-data-type-7136a31
configuring-mutual-tls-for-custom-domain-virtual-host-2453233	accessing-api-management-apis-programmatically-24a2c37
configuring-mutual-tls-for-custom-domain-virtual-host-2453233	manage-certificates-c665875
configuring-mutual-tls-for-custom-domain-virtual-host-2453233	working-with-references-6f96b64
configuring-mutual-tls-for-default-domain-virtual-host-9faf7ce	accessing-api-management-apis-programmatically-24a2c37
configuring-mutual-tls-for-default-domain-virtual-host-9faf7ce	manage-certificates-c665875
configuring-mutual-tls-for-default-domain-virtual-host-9faf7ce	working-with-references-6f96b64
configuring-permissions-for-products-e4636bf	creating-and-assigning-a-custom-role-collection-9d827cd
configuring-service-interface-53d5c97	working-with-data-types-cf1d397
configuring-the-processdirect-sender-adapter-4787d80	defining-the-local-integration-process-88faa5c
configuring-value-mapping-40c1827	creating-value-mapping-25eff9b
configuring-value-mapping-40c1827	editing-value-mapping-6c8847f
connecting-an-sap-process-orchestration-system-4120ecb	configuring-connectivity-to-an-sap-process-orchestration-system-8c36fd2
connecting-the-source-and-the-destination-nodes-4840f03	create-a-deploy-service-destination-in-cloud-transport-management-service-subaccount-09b1eec
connecting-the-source-and-the-destination-nodes-4840f03	creating-transport-management-destination-6c94d89
connecting-to-sap-gateway-system-for-api-discovery-a0092ee	configure-a-btp-destination-for-api-discovery-from-an-sap-gateway-system-internet-based-9bb2c8a
connecting-to-sap-gateway-system-for-api-discovery-a0092ee	configure-a-btp-destination-for-api-discovery-from-an-sap-gateway-system-on-premise-7e84b0e
connecting-to-sap-gateway-system-for-api-discovery-a0092ee	configure-a-btp-destination-for-api-invocation-of-a-discovered-api-internet-based-adbd94c
connecting-to-sap-gateway-system-for-api-discovery-a0092ee	configure-a-btp-destination-for-api-invocation-of-a-discovered-api-on-premise-37e70f4
connectivity-options-93d82e8	adobe-sign-receiver-adapter-e73852e
connectivity-options-93d82e8	ai-receiver-adapter-66e89d2
connectivity-options-93d82e8	amazon-dynamodb-receiver-adapter-36620d5
connectivity-options-93d82e8	amazon-eventbridge-receiver-adapter-ff3f9ed
connectivity-options-93d82e8	amazon-kinesis-adapter-986f02f
connectivity-options-93d82e8	amazonwebservices-receiver-adapter-bc7d1aa
connectivity-options-93d82e8	amazonwebservices-sender-adapter-16772e3
connectivity-options-93d82e8	amq-sender-for-sap-integration-suite-advanced-event-mesh-be1e496
connectivity-options-93d82e8	amqp-receiver-for-sap-event-mesh-0b7cc2f
connectivity-options-93d82e8	amqp-receiver-for-sap-integration-suite-advanced-event-mesh-5f229c0
connectivity-options-93d82e8	amqp-sender-for-sap-event-mesh-7d8a83f
connectivity-options-93d82e8	anaplan-receiver-adapter-364ab57
connectivity-options-93d82e8	as4-receiver-adapter-3a2fde8
connectivity-options-93d82e8	as4-sender-adapter-a448605
connectivity-options-93d82e8	azure-cosmos-db-receiver-adapter-aa8222e
connectivity-options-93d82e8	azure-service-bus-receiver-adapter-e67db82
connectivity-options-93d82e8	azure-service-bus-sender-adapter-e80310f
connectivity-options-93d82e8	bamboohr-receiver-adapter-4f52e62
connectivity-options-93d82e8	bigcommerce-receiver-graphql-adapter-3dbf284
connectivity-options-93d82e8	bigcommerce-receiver-rest-adapter-f36aab9
connectivity-options-93d82e8	box-receiver-adapter-172dfbf
connectivity-options-93d82e8	configure-the-advanced-event-mesh-receiver-adapter-881f656
connectivity-options-93d82e8	configure-the-advanced-event-mesh-sender-adapter-abd2efc
connectivity-options-93d82e8	configure-the-amqp-receiver-adapter-d5660c1
connectivity-options-93d82e8	configure-the-amqp-sender-adapter-99ce674
connectivity-options-93d82e8	configure-the-ariba-receiver-adapter-49dffa3
connectivity-options-93d82e8	configure-the-ariba-sender-adapter-0629b58
connectivity-options-93d82e8	configure-the-as2-receiver-adapter-9db62be
connectivity-options-93d82e8	configure-the-as2-sender-adapter-5d7ee17
connectivity-options-93d82e8	configure-the-azurestorage-receiver-adapter-30f59b0
connectivity-options-93d82e8	configure-the-azurestorage-sender-adapter-d42134a
connectivity-options-93d82e8	configure-the-dropbox-receiver-adapter-16ef7b4
connectivity-options-93d82e8	configure-the-dropbox-sender-adapter-de61991
connectivity-options-93d82e8	configure-the-ftp-receiver-adapter-c16d331
connectivity-options-93d82e8	configure-the-ftp-sender-adapter-239042f
connectivity-options-93d82e8	configure-the-google-cloud-storage-receiver-adapter-5a8ddef
connectivity-options-93d82e8	configure-the-google-cloud-storage-sender-adapter-ec213ce
connectivity-options-93d82e8	configure-the-google-pub-sub-receiver-adapter-30df22d
connectivity-options-93d82e8	configure-the-google-pub-sub-sender-adapter-845ec21
connectivity-options-93d82e8	configure-the-ibm-mq-jms-receiver-adapter-029bc1b
connectivity-options-93d82e8	configure-the-ibm-mq-jms-sender-adapter-d655ab4
connectivity-options-93d82e8	configure-the-ibm-mq-rest-receiver-adapter-45610e7
connectivity-options-93d82e8	configure-the-ibm-mq-rest-sender-adapter-35cd02d
connectivity-options-93d82e8	configure-the-idoc-receiver-adapter-018aa88
connectivity-options-93d82e8	configure-the-idoc-sender-adapter-bf769d6
connectivity-options-93d82e8	configure-the-jms-receiver-adapter-79edc04
connectivity-options-93d82e8	configure-the-jms-sender-adapter-161791b
connectivity-options-93d82e8	configure-the-kafka-receiver-adapter-fc6ee1f
connectivity-options-93d82e8	configure-the-kafka-sender-adapter-0d849e5
connectivity-options-93d82e8	configure-the-mail-receiver-adapter-f68d5e0
connectivity-options-93d82e8	configure-the-microsoft-onedrive-receiver-adapter-4158749
connectivity-options-93d82e8	configure-the-microsoft-onedrive-sender-adapter-0724136
connectivity-options-93d82e8	configure-the-microsoft-sharepoint-receiver-adapter-b12b33a
connectivity-options-93d82e8	configure-the-microsoft-sharepoint-sender-adapter-ce41e85
connectivity-options-93d82e8	configure-the-odata-sender-adapter-de7aee5
connectivity-options-93d82e8	configure-the-odata-v2-receiver-adapter-c5c2e38
connectivity-options-93d82e8	configure-the-odata-v4-receiver-adapter-cd66a12
connectivity-options-93d82e8	configure-the-processdirect-receiver-adapter-5b7327d
connectivity-options-93d82e8	configure-the-processdirect-sender-adapter-e340d4c
connectivity-options-93d82e8	configure-the-rabbitmq-receiver-adapter-e9dfc37
connectivity-options-93d82e8	configure-the-rabbitmq-sender-adapter-4e3c554
connectivity-options-93d82e8	configure-the-salesforce-pub-sub-receiver-adapter-6862ff5
connectivity-options-93d82e8	configure-the-salesforce-pub-sub-sender-adapter-fdb114c
connectivity-options-93d82e8	configure-the-sftp-receiver-adapter-4ef52cf
connectivity-options-93d82e8	configure-the-sftp-sender-adapter-2de9ee5
connectivity-options-93d82e8	configure-the-slack-receiver-adapter-7c2ea64
connectivity-options-93d82e8	configure-the-slack-sender-adapter-1d93850
connectivity-options-93d82e8	configure-the-smb-receiver-adapter-ddd0d59
connectivity-options-93d82e8	configure-the-smb-sender-adapter-95bf6e9
connectivity-options-93d82e8	configure-the-soap-sap-rm-receiver-adapter-8366495
connectivity-options-93d82e8	configure-the-soap-sap-rm-sender-adapter-6962234
connectivity-options-93d82e8	configure-the-soap-soap-1-x-receiver-adapter-57f7b34
connectivity-options-93d82e8	configure-the-soap-soap-1-x-sender-adapter-a178913
connectivity-options-93d82e8	configure-the-splunk-receiver-adapter-e8e6ba6
connectivity-options-93d82e8	configure-the-splunk-sender-adapter-271ad20
connectivity-options-93d82e8	configure-the-successfactors-odata-v2-receiver-adapter-d16dd12
connectivity-options-93d82e8	configure-the-successfactors-rest-receiver-adapter-9cff562
connectivity-options-93d82e8	configure-the-successfactors-rest-sender-adapter-9f0646b
connectivity-options-93d82e8	configure-the-successfactors-soap-receiver-adapter-360ef42
connectivity-options-93d82e8	configure-the-successfactors-soap-sender-adapter-874e4b1
connectivity-options-93d82e8	configure-the-xi-receiver-adapter-5d2670f
connectivity-options-93d82e8	configure-the-xi-sender-adapter-41a1a57
connectivity-options-93d82e8	coupa-receiver-adapter-648ac01
connectivity-options-93d82e8	data-store-sender-adapter-4f5ef3f
connectivity-options-93d82e8	developing-custom-adapters-7392cc4
connectivity-options-93d82e8	docusign-receiver-adapter-8f3c523
connectivity-options-93d82e8	elster-receiver-adapter-e374ef7
connectivity-options-93d82e8	facebook-receiver-adapter-3dcc408
connectivity-options-93d82e8	google-bigquery-receiver-adapter-722ed6c
connectivity-options-93d82e8	google-workspace-adapter-d15c6a5
connectivity-options-93d82e8	http-receiver-adapter-2da452e
connectivity-options-93d82e8	https-sender-adapter-0ae4a78
connectivity-options-93d82e8	hubspot-receiver-adapter-48cfaa8
connectivity-options-93d82e8	jdbc-for-db2-on-premise-9515cf8
connectivity-options-93d82e8	jdbc-for-microsoft-sql-server-cloud-4173d0a
connectivity-options-93d82e8	jdbc-for-microsoft-sql-server-on-premise-9745e40
connectivity-options-93d82e8	jdbc-for-oracle-cloud-f868182
connectivity-options-93d82e8	jdbc-for-oracle-on-premise-e6db38a
connectivity-options-93d82e8	jdbc-for-postgresql-cloud-4d5b488
connectivity-options-93d82e8	jdbc-for-sap-hana-cloud-187a8e8
connectivity-options-93d82e8	jdbc-for-sap-hana-platform-on-premise-ff29388
connectivity-options-93d82e8	jdbc-receiver-adapter-88be644
connectivity-options-93d82e8	jira-receiver-adapter-d15b560
connectivity-options-93d82e8	leanix-receiver-adapter-e49c1de
connectivity-options-93d82e8	mail-sender-for-imap-5b94e42
connectivity-options-93d82e8	mail-sender-for-pop3-c52a4da
connectivity-options-93d82e8	microsoft-dynamics-crm-receiver-adapter-ee724c8
connectivity-options-93d82e8	microsoft-outlook-receiver-adapter-0d61459
connectivity-options-93d82e8	microsoft-outlook-sender-adapter-47704aa
connectivity-options-93d82e8	microsoft-teams-receiver-adapter-1f333c3
connectivity-options-93d82e8	mongodb-receiver-adapter-58b75fc
connectivity-options-93d82e8	netsuite-receiver-adapter-618127a
connectivity-options-93d82e8	odc-receiver-adapter-3cdbc29
connectivity-options-93d82e8	openconnectors-receiver-adapter-1a27cee
connectivity-options-93d82e8	rfc-receiver-adapter-5c76048
connectivity-options-93d82e8	salesforce-receiver-adapter-a548be9
connectivity-options-93d82e8	salesforce-sender-adapter-ba6420d
connectivity-options-93d82e8	sap-master-data-integration-receiver-adapter-e91e373
connectivity-options-93d82e8	servicenow-receiver-adapter-1e3bcf4
connectivity-options-93d82e8	shopify-graphql-receiver-adapter-484c676
connectivity-options-93d82e8	shopify-rest-receiver-adapter-34865bc
connectivity-options-93d82e8	snowflake-receiver-adapter-1299e68
connectivity-options-93d82e8	successfactors-odata-v4-receiver-adapter-cd091fc
connectivity-options-93d82e8	sugarcrm-receiver-adapter-d96ddf7
connectivity-options-93d82e8	twilio-receiver-adapter-7445ab3
connectivity-options-93d82e8	twitter-receiver-adapter-453c174
connectivity-options-93d82e8	workday-receiver-adapter-0c6e670
connectivity-options-93d82e8	zendesk-receiver-adapter-01bd8bb
consume-a-public-http-service-with-query-parameters-342c20a	http-receiver-adapter-2da452e
consuming-a-reusable-api-artifact-291f424	activate-and-configure-the-api-management-capability-f6eb433
consuming-a-reusable-api-artifact-291f424	activate-integration-cell-1a627da
consuming-a-script-collection-1b801fa	creating-scripts-in-a-script-collection-ed9b52c
consuming-a-script-collection-1b801fa	define-a-local-script-step-03b32eb
consuming-fault-message-type-in-service-interface-3613e60	creating-fault-message-type-789b394
consuming-function-library-in-message-mapping-d4dcb4a	creating-message-mapping-as-a-flow-step-3d5cb7f
consuming-function-library-in-message-mapping-d4dcb4a	creating-message-mapping-as-an-artifact-1d52a7b
consuming-function-library-in-message-mapping-d4dcb4a	manage-references-b5968b2
consuming-imported-archives-e7562a7	import-function-library-from-es-repository-d6e7585
consuming-imported-archives-e7562a7	reuse-imported-archives-objects-from-es-repository-4196091
consuming-integration-adapters-from-sap-business-accelerator-hub-b9250fb	import-integration-adapters-386d7d0
consuming-integration-adapters-from-sap-business-accelerator-hub-b9250fb	runtime-profiles-8007daa
consuming-integration-adapters-from-sap-business-accelerator-hub-b9250fb	specify-the-runtime-configuration-0c1c96e
consuming-message-mapping-artifact-in-an-integration-flow-948a2c9	creating-message-mapping-as-a-flow-step-3d5cb7f
consuming-message-types-in-message-mapping-34f6345	creating-message-mapping-as-a-flow-step-3d5cb7f
consuming-message-types-in-message-mapping-34f6345	creating-message-mapping-as-an-artifact-1d52a7b
consuming-message-types-in-message-mapping-34f6345	manage-references-b5968b2
content-transport-cb7d2f1	guidelines-and-best-practices-for-content-transport-8a8aa38
content-transport-e3c79d6	content-transport-using-cloud-transport-management-d458b17
content-transport-e3c79d6	content-transport-using-cts-3cdfb51
content-transport-e3c79d6	content-transport-using-manual-export-and-import-fd23e14
content-transport-e3c79d6	content-transport-using-mtar-download-c111710
content-transport-e3c79d6	creating-custom-roles-for-access-policies-7db3c87
content-transport-e3c79d6	decision-help-for-choosing-the-right-content-transport-option-19e0e73
content-transport-sequence-of-steps-example-1ca3d1e	guidelines-on-role-assignments-fc409e8
content-transport-using-cloud-transport-management-d458b17	creating-http-destinations-and-transport-route-94057be
content-transport-using-cloud-transport-management-d458b17	enabling-content-transport-cloud-foundry-environment-452c677
content-transport-using-cloud-transport-management-d458b17	tasks-and-permissions-for-cloud-integration-556d557
content-transport-using-cts-3cdfb51	creating-http-destinations-and-transport-route-94057be
content-transport-using-cts-3cdfb51	enabling-content-transport-cloud-foundry-environment-452c677
content-transport-using-cts-3cdfb51	tasks-and-permissions-for-cloud-integration-556d557
content-transport-using-mtar-download-c111710	enabling-content-transport-cloud-foundry-environment-452c677
content-transport-using-mtar-download-c111710	tasks-and-permissions-for-cloud-integration-556d557
control-the-number-of-simultaneously-opened-database-connections-90628e9	define-data-store-operations-79f63a4
control-the-number-of-simultaneously-opened-database-connections-90628e9	define-transaction-handling-2a5d4bc
convert-data-c5507d7	copying-the-integration-package-and-deploying-the-integration-flows-2cb1d31
convert-data-c5507d7	use-the-csv-to-xml-converter-7ad518d
convert-data-c5507d7	use-the-json-to-xml-and-xml-to-json-converter-7c5e114
convert-data-c5507d7	use-the-xml-to-csv-converter-cf0acac
converting-externally-managed-apis-to-internally-managed-apis-1fc41ac	create-a-policy-c90b895
converting-externally-managed-apis-to-internally-managed-apis-1fc41ac	import-an-api-definition-9342a93
converting-externally-managed-apis-to-internally-managed-apis-1fc41ac	publish-api-proxies-75a4a11
copy-an-api-proxy-23974d6	api-versioning-b3cda3b
copy-an-api-proxy-23974d6	create-an-api-proxy-c0842d5
copy-partner-entity-d110a04	partner-directory-entity-types-950f4b2
copying-the-integration-package-and-deploying-the-integration-flows-2cb1d31	apply-the-highest-security-standards-201fd43
copying-the-integration-package-and-deploying-the-integration-flows-2cb1d31	generic-receiver-83a6970
copying-the-integration-package-and-deploying-the-integration-flows-2cb1d31	guidelines-to-implement-specific-integration-patterns-eaf929e
copying-the-integration-package-and-deploying-the-integration-flows-2cb1d31	handle-errors-gracefully-42c95f7
copying-the-integration-package-and-deploying-the-integration-flows-2cb1d31	keep-readability-in-mind-578fa77
copying-the-integration-package-and-deploying-the-integration-flows-2cb1d31	learn-the-basics-ebc6034
copying-the-integration-package-and-deploying-the-integration-flows-2cb1d31	relax-dependencies-to-external-components-3ea1e33
copying-the-integration-package-and-deploying-the-integration-flows-2cb1d31	run-an-integration-flow-under-well-defined-boundary-conditions-f8cf974
copying-the-integration-package-and-deploying-the-integration-flows-2cb1d31	use-prepackaged-integration-content-provided-by-sap-95c68ce
copying-the-integration-package-and-deploying-the-integration-flows-2cb1d31	use-scripting-appropriately-d4dc13c
copying-the-integration-package-and-deploying-the-integration-flows-2cb1d31	use-the-partner-directory-appropriately-6e00412
coupa-receiver-adapter-648ac01	consuming-integration-adapters-from-sap-business-accelerator-hub-b9250fb
create-a-policy-c90b895	policies-7e4f3e5
create-a-policy-c90b895	policy-types-c918e28
create-a-policy-template-c5d1872	policies-7e4f3e5
create-a-policy-template-c5d1872	policy-types-c918e28
create-a-product-d769622	different-methods-of-creating-an-api-proxy-4ac0431
create-a-product-d769622	limits-in-api-management-f70f425
create-a-product-d769622	quota-1f742c1
create-a-reusable-api-artifact-0112688	activate-and-configure-the-api-management-capability-f6eb433
create-a-reusable-api-artifact-0112688	activate-integration-cell-1a627da
create-a-reusable-api-artifact-0112688	reusable-api-artifact-26a9db1
create-a-reusable-api-artifact-0112688	working-with-policies-and-mediation-steps-c744df5
create-a-script-8938a24	file-resource-79299d3
create-alternative-partner-7e6baf3	http-calls-and-uri-components-ca75e12
create-an-api-artifact-by-referring-to-an-api-provider-2d21e65	create-an-api-artifact-using-a-destination-a0bdfd4
create-an-api-artifact-by-referring-to-an-api-provider-2d21e65	create-an-api-artifact-using-a-discoverable-system-bd5c1f4
create-an-api-artifact-using-a-destination-a0bdfd4	activate-and-configure-the-api-management-capability-f6eb433
create-an-api-artifact-using-a-destination-a0bdfd4	activate-integration-cell-1a627da
create-an-api-artifact-using-a-destination-a0bdfd4	add-policies-to-artifacts-c2b3e56
create-an-api-artifact-using-a-destination-a0bdfd4	add-resources-to-an-api-artifact-b5d0e4c
create-an-api-artifact-using-a-destination-a0bdfd4	generate-openapi-specification-with-ai-assistance-5ec68db
create-an-api-artifact-using-a-destination-a0bdfd4	service-types-for-api-artifacts-4dd2dde
create-an-api-artifact-using-a-discoverable-system-bd5c1f4	activate-and-configure-the-api-management-capability-f6eb433
create-an-api-artifact-using-a-discoverable-system-bd5c1f4	activate-integration-cell-1a627da
create-an-api-artifact-using-a-discoverable-system-bd5c1f4	add-policies-to-artifacts-c2b3e56
create-an-api-artifact-using-a-discoverable-system-bd5c1f4	add-resources-to-an-api-artifact-b5d0e4c
create-an-api-artifact-using-a-discoverable-system-bd5c1f4	connecting-to-sap-gateway-system-for-api-discovery-a0092ee
create-an-api-artifact-using-a-target-url-or-an-openapi-specification-914f57e	activate-and-configure-the-api-management-capability-f6eb433
create-an-api-artifact-using-a-target-url-or-an-openapi-specification-914f57e	activate-integration-cell-1a627da
create-an-api-artifact-using-a-target-url-or-an-openapi-specification-914f57e	api-artifact-versioning-3f2e06b
create-an-api-artifact-using-a-target-url-or-an-openapi-specification-914f57e	configure-an-api-artifact-79aee17
create-an-api-artifact-using-a-target-url-or-an-openapi-specification-914f57e	configuring-additional-virtual-host-26c7416
create-an-api-artifact-using-a-target-url-or-an-openapi-specification-914f57e	generate-openapi-specification-with-ai-assistance-5ec68db
create-an-api-artifact-using-a-target-url-or-an-openapi-specification-914f57e	service-types-for-api-artifacts-4dd2dde
create-an-api-provider-6b263e2	principal-propagation-e2f3313
create-an-api-provider-6b263e2	setting-up-oauth-for-cloud-integration-in-cloud-foundry-641c56b
create-an-api-proxy-based-on-an-existing-api-proxy-54831ca	create-an-api-proxy-c0842d5
create-an-api-proxy-by-providing-a-direct-target-endpoint-url-d0f5087	api-versioning-b3cda3b
create-an-api-proxy-by-providing-a-direct-target-endpoint-url-d0f5087	create-an-api-proxy-c0842d5
create-an-api-proxy-by-providing-a-direct-target-endpoint-url-d0f5087	handling-url-redirects-in-an-api-proxy-using-policies-9e63c01
create-an-api-proxy-by-referring-to-an-api-provider-system-84628b9	api-versioning-b3cda3b
create-an-api-proxy-by-referring-to-an-api-provider-system-84628b9	create-an-api-proxy-c0842d5
create-an-api-proxy-c0842d5	create-a-policy-c90b895
create-an-api-proxy-c0842d5	create-a-product-d769622
create-an-api-proxy-c0842d5	create-an-api-proxy-based-on-an-existing-api-proxy-54831ca
create-an-api-proxy-c0842d5	create-an-api-proxy-by-providing-a-direct-target-endpoint-url-d0f5087
create-an-api-proxy-c0842d5	create-an-api-proxy-by-referring-to-an-api-provider-system-84628b9
create-an-api-proxy-c0842d5	enable-dynamic-routing-49cbe91
create-an-api-proxy-c0842d5	overriding-the-default-update-operation-for-api-proxy-of-type-odata-4a12c59
create-an-api-proxy-c0842d5	proxy-endpoint-properties-1705a92
create-an-api-proxy-c0842d5	target-endpoint-properties-edeed6a
create-an-api-proxy-using-the-api-designer-26e1bbd	api-designer-51f3ca1
create-an-api-proxy-using-the-api-designer-26e1bbd	api-versioning-b3cda3b
create-an-api-proxy-using-the-api-designer-26e1bbd	openapi-specification-3-0-3ce080d
create-an-mcp-server-by-referring-to-an-rfc-based-backend-cbb8b78	activate-and-configure-the-api-management-capability-f6eb433
create-an-mcp-server-by-referring-to-an-rfc-based-backend-cbb8b78	activate-integration-cell-1a627da
create-an-mcp-server-from-an-api-artifact-9f18140	activate-and-configure-the-api-management-capability-f6eb433
create-an-mcp-server-from-an-api-artifact-9f18140	activate-integration-cell-1a627da
create-an-mcp-server-from-an-api-artifact-9f18140	configure-an-mcp-server-created-from-an-api-artifact-81b30d1
create-an-mcp-server-from-an-api-proxy-40b31a0	activate-and-configure-the-api-management-capability-f6eb433
create-an-mcp-server-from-an-api-proxy-40b31a0	activate-integration-cell-1a627da
create-an-mcp-server-from-an-http-endpoint-b59f141	activate-and-configure-the-api-management-capability-f6eb433
create-an-mcp-server-from-an-http-endpoint-b59f141	activate-integration-cell-1a627da
create-an-mcp-server-from-an-http-endpoint-b59f141	configure-an-mcp-server-created-from-an-http-endpoint-f58f7b0
create-an-mcp-server-using-a-remote-mcp-server-as-the-source-742216d	activate-and-configure-the-api-management-capability-f6eb433
create-an-mcp-server-using-a-remote-mcp-server-as-the-source-742216d	activate-integration-cell-1a627da
create-and-deploy-a-rest-api-artifact-fec774c	creating-an-integration-package-9126d79
create-and-deploy-a-rest-api-artifact-fec774c	overview-of-integration-flow-editor-db10beb
create-and-deploy-a-rest-api-artifact-fec774c	runtime-profiles-8007daa
create-and-deploy-a-soap-api-artifact-1a439af	creating-an-integration-package-9126d79
create-and-deploy-a-soap-api-artifact-1a439af	overview-of-integration-flow-editor-db10beb
create-and-deploy-a-soap-api-artifact-1a439af	runtime-profiles-8007daa
create-and-deploy-an-odata-api-artifact-8bc912d	developing-an-odata-api-project-d961654
create-and-deploy-an-odata-api-artifact-8bc912d	overview-of-integration-flow-editor-db10beb
create-and-deploy-an-odata-api-artifact-8bc912d	runtime-profiles-8007daa
create-attachments-d1f16db	basic-authentication-with-clientid-and-clientsecret-for-integration-flow-processing-647eeb3
create-custom-dimensions-and-measures-ba211be	policies-7e4f3e5
create-custom-dimensions-and-measures-ba211be	statistics-collector-policy-1dee3c9
create-mpl-attachments-in-scripts-17dba92	persist-messages-8c35f3f
create-mpl-attachments-in-scripts-17dba92	using-data-storage-features-when-designing-integration-flows-a836b4e
create-new-custom-tags-configuration-31e8308	http-calls-and-uri-components-ca75e12
create-new-parameters-in-externalization-editor-417e4e8	add-policies-to-artifacts-c2b3e56
create-new-parameters-in-externalization-editor-417e4e8	configure-externalized-parameters-024b8fd
create-partner-directory-entity-f41418f	partner-directory-entity-types-950f4b2
creating-a-key-pair-ssh-key-pair-b8a8601	x-509-certificates-8d38a83
creating-a-versioned-api-57abb00	api-versioning-b3cda3b
creating-additional-request-reply-policy-for-api-artifact-f08b086	http-receiver-adapter-2da452e
creating-additional-request-reply-policy-for-api-artifact-f08b086	supported-adapters-for-external-callout-in-api-artifacts-641600e
creating-an-api-artifact-c2fe62c	create-a-reusable-api-artifact-0112688
creating-an-api-artifact-c2fe62c	create-an-api-artifact-using-a-destination-a0bdfd4
creating-an-api-artifact-c2fe62c	create-an-api-artifact-using-a-discoverable-system-bd5c1f4
creating-an-api-artifact-c2fe62c	create-an-api-artifact-using-a-target-url-or-an-openapi-specification-914f57e
creating-an-api-artifact-c2fe62c	openapi-specification-editors-2bf94eb
creating-an-api-proxy-using-sap-cloud-integration-api-provider-aefbd74	create-an-api-provider-6b263e2
creating-an-imported-archives-artifact-e555caf	runtime-profiles-8007daa
creating-an-instance-of-api-portal-api-management-6129172	accessing-api-management-apis-programmatically-24a2c37
creating-an-integration-flow-da53d93	configure-integration-flow-components-3171795
creating-an-integration-flow-da53d93	creating-an-integration-package-9126d79
creating-an-integration-flow-da53d93	generating-integration-flows-with-ai-assistance-e0b9e8a
creating-an-integration-flow-da53d93	runtime-profiles-8007daa
creating-an-odata-api-6670029	bind-to-data-source-2b6e865
creating-an-odata-api-6670029	create-an-odata-model-35fe18a
creating-an-odata-api-6670029	creating-an-integration-package-9126d79
creating-an-odata-api-6670029	deploying-an-odata-api-5f59721
creating-an-odata-api-6670029	editing-an-integration-flow-ccd062a
creating-and-assigning-a-custom-role-collection-9d827cd	restricting-access-to-api-products-using-custom-role-attribute-09fb892
creating-api-management-destination-3fd86c7	creating-an-instance-of-api-portal-api-management-6129172
creating-api-revisions-0a0d7d4	create-an-api-proxy-c0842d5
creating-api-revisions-0a0d7d4	import-an-api-definition-9342a93
creating-api-revisions-0a0d7d4	publish-api-proxies-75a4a11
creating-api-revisions-0a0d7d4	transporting-an-api-proxy-from-source-to-destination-2fe1aa2
creating-content-assembly-service-destination-3a6a81e	creating-an-instance-of-content-agent-359ecd7
creating-custom-roles-for-access-policies-7db3c87	defining-access-policies-b0d7950
creating-custom-tags-71c0448	create-new-custom-tags-configuration-31e8308
creating-custom-tags-71c0448	get-custom-tags-defined-on-the-tenant-a947374
creating-custom-tags-71c0448	tasks-and-permissions-for-cloud-integration-556d557
creating-data-types-d5bbbee	configuring-data-types-97ad101
creating-data-types-d5bbbee	packaging-integration-content-in-sap-integration-suite-89da0a2
creating-fault-message-type-789b394	configuring-fault-message-type-6dfaa7a
creating-fault-message-type-789b394	packaging-integration-content-in-sap-integration-suite-89da0a2
creating-http-destinations-and-transport-route-94057be	enabling-content-transport-cloud-foundry-environment-452c677
creating-message-mapping-as-a-flow-step-3d5cb7f	consuming-function-library-in-message-mapping-d4dcb4a
creating-message-mapping-as-a-flow-step-3d5cb7f	consuming-message-types-in-message-mapping-34f6345
creating-message-mapping-as-a-flow-step-3d5cb7f	creating-message-mapping-as-an-artifact-1d52a7b
creating-message-mapping-as-a-flow-step-3d5cb7f	manage-references-b5968b2
creating-message-mapping-as-an-artifact-1d52a7b	configuring-connectivity-to-an-sap-process-orchestration-system-8c36fd2
creating-message-mapping-as-an-artifact-1d52a7b	consuming-imported-archives-e7562a7
creating-message-mapping-as-an-artifact-1d52a7b	working-with-function-libraries-dd8c30d
creating-message-mapping-as-an-artifact-1d52a7b	working-with-imported-archives-e00e81d
creating-message-type-1a33a60	configuring-data-types-97ad101
creating-message-type-1a33a60	packaging-integration-content-in-sap-integration-suite-89da0a2
creating-scripts-in-a-script-collection-ed9b52c	creating-a-script-collection-824bff0
creating-scripts-in-a-script-collection-ed9b52c	fix-script-incompatibilities-7397c42
creating-scripts-in-a-script-collection-ed9b52c	optimize-groovy-scripts-with-ai-3b7a5a1
creating-scripts-in-a-script-collection-ed9b52c	upgrading-script-917e014
creating-service-instance-and-service-key-for-inbound-authentication-19af5e2	basic-authentication-with-clientid-and-clientsecret-for-integration-flow-processing-647eeb3
creating-service-instance-and-service-key-for-inbound-authentication-19af5e2	client-certificate-authentication-for-api-clients-d9ca0ac
creating-service-instance-and-service-key-for-inbound-authentication-19af5e2	client-certificate-authentication-for-integration-flow-processing-7f84d16
creating-service-instance-and-service-key-for-inbound-authentication-19af5e2	load-balancer-root-certificates-supported-by-sap-4509f60
creating-service-instance-and-service-key-for-inbound-authentication-19af5e2	managing-service-instances-and-service-keys-using-an-api-6e5db60
creating-service-instance-and-service-key-for-inbound-authentication-19af5e2	managing-user-roles-4e86f0d
creating-service-instance-and-service-key-for-inbound-authentication-19af5e2	oauth-with-client-credentials-grant-for-api-clients-20e26a8
creating-service-instance-and-service-key-for-inbound-authentication-19af5e2	oauth-with-client-credentials-grant-for-integration-flow-processing-6c052ce
creating-service-instance-and-service-key-for-inbound-authentication-19af5e2	service-key-types-0fc1446
creating-service-instance-and-service-key-for-inbound-authentication-19af5e2	specifying-service-instance-and-service-key-parameters-in-json-format-ae419b6
creating-service-instance-and-service-key-for-inbound-authentication-19af5e2	tasks-and-permissions-for-cloud-integration-556d557
creating-service-interface-artifact-0247b79	configuring-data-types-97ad101
creating-service-interface-artifact-0247b79	packaging-integration-content-in-sap-integration-suite-89da0a2
creating-the-custom-integration-flow-with-the-post-exit-mapping-988e5e3	post-exit-mapping-0f17497
creating-the-custom-mapping-4af8ea7	defining-the-standard-message-mapping-c0e0f6d
creating-the-post-exit-integration-flow-12398d4	creating-the-custom-mapping-4af8ea7
creating-the-references-ddc5fdf	accessing-api-management-apis-programmatically-24a2c37
creating-the-standard-integration-flow-4da82ad	standard-mapping-56c3bf5
creating-transport-management-destination-6c94d89	adding-a-source-node-in-transport-management-applications-dc24ea2
creating-transport-management-destination-6c94d89	creating-an-instance-of-sap-cloud-transport-management-service-69a41e2
creating-value-mapping-25eff9b	editing-value-mapping-6c8847f
creating-x-509-keys-ec605c7	generating-a-key-pair-abb324d
creating-x-509-keys-ec605c7	updating-a-key-pair-with-a-signing-response-4242f01
custom-attributes-90a5a6d	accessing-api-management-apis-programmatically-24a2c37
custom-attributes-90a5a6d	accessing-developer-hub-apis-programmatically-dabee6e
data-protection-and-privacy-3df9abf	specific-data-assets-0e4e511
data-protection-and-privacy-3df9abf	types-of-stored-data-183637c
data-protection-and-privacy-for-api-management-d50613e	delete-data-of-unregistered-users-d548233
data-protection-and-privacy-for-api-management-d50613e	revoke-access-ce609bb
data-protection-and-privacy-for-api-management-d50613e	service-to-view-user-details-on-developer-hub-a49c05f
data-storages-31efe35	about-headers-and-exchange-properties-0974c4f
data-storages-31efe35	the-camel-data-model-in-a-nutshell-d4f8f03
data-storages-31efe35	using-data-storage-features-when-designing-integration-flows-a836b4e
data-store-example-requests-e88d7d2	download-a-variable-94e6799
data-store-example-requests-e88d7d2	get-all-data-store-entries-for-a-data-store-acbef52
data-store-example-requests-e88d7d2	get-all-data-store-entries-for-a-specific-message-id-7de679d
data-store-example-requests-e88d7d2	get-all-data-stores-with-overdue-messages-5173f5c
data-store-example-requests-e88d7d2	get-single-data-store-entry-8b86912
data-store-sender-adapter-4f5ef3f	anticipate-message-throughput-when-choosing-a-storage-option-5b38765
data-store-sender-adapter-4f5ef3f	define-data-store-operations-79f63a4
data-store-sender-adapter-4f5ef3f	define-data-store-write-operations-46260ee
data-store-sender-adapter-4f5ef3f	quality-of-service-exactly-once-f96cf27
data-store-sender-adapter-4f5ef3f	runtime-profiles-8007daa
data-store-sender-adapter-4f5ef3f	updating-your-existing-integration-flow-1f9e879
data-store-sender-adapter-4f5ef3f	using-data-storage-features-when-designing-integration-flows-a836b4e
data-store-variables-and-jms-queues-when-to-use-which-option-6bc21cb	using-data-storage-features-when-designing-integration-flows-a836b4e
decouple-processing-3ef92e4	copying-the-integration-package-and-deploying-the-integration-flows-2cb1d31
decouple-processing-3ef92e4	decouple-sender-and-flows-using-persistence-c5591df
decouple-processing-3ef92e4	decouple-sender-and-flows-without-persistence-31d4dec
decouple-sender-and-flows-using-data-store-5467c77	control-the-number-of-simultaneously-opened-database-connections-90628e9
decouple-sender-and-flows-using-data-store-5467c77	decouple-sender-and-flows-without-persistence-31d4dec
decouple-sender-and-flows-using-jms-message-queues-3c26902	decouple-sender-and-flows-using-data-store-5467c77
decoupling-using-sap-integration-suite-advanced-event-mesh-df7b472	configure-the-advanced-event-mesh-receiver-adapter-881f656
decoupling-using-sap-integration-suite-advanced-event-mesh-df7b472	configure-the-advanced-event-mesh-sender-adapter-abd2efc
decoupling-using-sap-integration-suite-advanced-event-mesh-df7b472	configure-the-soap-sap-rm-receiver-adapter-8366495
decoupling-using-sap-integration-suite-advanced-event-mesh-df7b472	configure-the-soap-sap-rm-sender-adapter-6962234
decoupling-using-sap-integration-suite-advanced-event-mesh-df7b472	sender-with-sap-rm-protocol-and-receiver-with-xi-protocol-5f35b5c
decoupling-via-data-store-d115669	basic-authentication-with-clientid-and-clientsecret-for-integration-flow-processing-647eeb3
decoupling-via-data-store-d115669	configure-the-soap-sap-rm-receiver-adapter-8366495
decoupling-via-data-store-d115669	data-store-sender-adapter-4f5ef3f
decoupling-via-data-store-d115669	decoupling-via-jms-queue-ecbde19
decoupling-via-data-store-d115669	define-data-store-write-operations-46260ee
decoupling-via-data-store-d115669	define-proper-transaction-handling-1c31963
decoupling-via-data-store-d115669	interaction-of-the-involved-integration-flows-44be68d
decoupling-via-jms-queue-ecbde19	basic-authentication-with-clientid-and-clientsecret-for-integration-flow-processing-647eeb3
decoupling-via-jms-queue-ecbde19	configure-the-soap-sap-rm-receiver-adapter-8366495
decoupling-via-jms-queue-ecbde19	decouple-sender-and-flows-using-persistence-c5591df
decoupling-via-jms-queue-ecbde19	define-proper-transaction-handling-1c31963
decoupling-via-jms-queue-ecbde19	interaction-of-the-involved-integration-flows-44be68d
decoupling-via-jms-queue-ecbde19	sender-and-receiver-with-sap-rm-protocol-9f3e2b6
decoupling-via-jms-queue-ecbde19	sender-and-receiver-with-soap-protocol-cd4c6e0
default-adapters-for-api-artifacts-719d07c	http-receiver-for-an-api-artifact-5866acf
default-adapters-for-api-artifacts-719d07c	https-sender-adapter-for-api-artifact-4a0ac44
default-adapters-for-api-artifacts-719d07c	odata-receiver-adapter-for-api-artifact-c34c22f
default-adapters-for-api-artifacts-719d07c	odata-sender-adapter-for-api-artifact-a636209
default-adapters-for-api-artifacts-719d07c	soap-receiver-adapter-for-api-artifact-2a69e87
default-adapters-for-api-artifacts-719d07c	soap-sender-adapter-for-api-artifact-f0e2535
define-a-local-script-step-03b32eb	apply-the-highest-security-standards-201fd43
define-a-local-script-step-03b32eb	fix-script-incompatibilities-7397c42
define-a-local-script-step-03b32eb	optimize-groovy-scripts-with-ai-3b7a5a1
define-a-local-script-step-03b32eb	use-scripting-appropriately-d4dc13c
define-a-mime-multipart-encoder-8c12a8e	mime-multipart-encoder-handling-message-headers-examples-b446281
define-a-mime-multipart-encoder-8c12a8e	mime-multipart-messages-3816537
define-a-timer-start-event-ae14ad7	message-status-733a57b
define-content-enricher-8827f9f	content-enricher-0e7ba7f
define-content-modifier-8f04a70	externalize-parameters-of-an-integration-flow-45b2a07
define-content-modifier-8f04a70	managing-number-ranges-b6e17fa
define-content-modifier-8f04a70	runtime-profiles-8007daa
define-content-modifier-8f04a70	updating-your-existing-integration-flow-1f9e879
define-content-modifier-8f04a70	using-camel-simple-expression-language-4688083
define-data-store-delete-operations-5efa3ac	anticipate-message-throughput-when-choosing-a-storage-option-5b38765
define-data-store-delete-operations-5efa3ac	data-store-variables-and-jms-queues-when-to-use-which-option-6bc21cb
define-data-store-delete-operations-5efa3ac	data-store-variables-versus-header-properties-when-to-use-which-option-61f4045
define-data-store-delete-operations-5efa3ac	examples-c8ba267
define-data-store-delete-operations-5efa3ac	managing-data-stores-ac39f1d
define-data-store-delete-operations-5efa3ac	using-data-storage-features-when-designing-integration-flows-a836b4e
define-data-store-get-operations-232ac46	anticipate-message-throughput-when-choosing-a-storage-option-5b38765
define-data-store-get-operations-232ac46	data-store-variables-and-jms-queues-when-to-use-which-option-6bc21cb
define-data-store-get-operations-232ac46	data-store-variables-versus-header-properties-when-to-use-which-option-61f4045
define-data-store-get-operations-232ac46	examples-c8ba267
define-data-store-get-operations-232ac46	managing-data-stores-ac39f1d
define-data-store-get-operations-232ac46	using-data-storage-features-when-designing-integration-flows-a836b4e
define-data-store-operations-79f63a4	define-data-store-delete-operations-5efa3ac
define-data-store-operations-79f63a4	define-data-store-get-operations-232ac46
define-data-store-operations-79f63a4	define-data-store-select-operations-8cfe004
define-data-store-operations-79f63a4	define-data-store-write-operations-46260ee
define-data-store-select-operations-8cfe004	anticipate-message-throughput-when-choosing-a-storage-option-5b38765
define-data-store-select-operations-8cfe004	data-store-variables-and-jms-queues-when-to-use-which-option-6bc21cb
define-data-store-select-operations-8cfe004	data-store-variables-versus-header-properties-when-to-use-which-option-61f4045
define-data-store-select-operations-8cfe004	examples-c8ba267
define-data-store-select-operations-8cfe004	managing-data-stores-ac39f1d
define-data-store-select-operations-8cfe004	using-data-storage-features-when-designing-integration-flows-a836b4e
define-data-store-write-operations-46260ee	anticipate-message-throughput-when-choosing-a-storage-option-5b38765
define-data-store-write-operations-46260ee	data-store-variables-and-jms-queues-when-to-use-which-option-6bc21cb
define-data-store-write-operations-46260ee	data-store-variables-versus-header-properties-when-to-use-which-option-61f4045
define-data-store-write-operations-46260ee	examples-c8ba267
define-data-store-write-operations-46260ee	managing-data-stores-ac39f1d
define-data-store-write-operations-46260ee	using-data-storage-features-when-designing-integration-flows-a836b4e
define-edi-splitter-584a3be	validating-message-payload-against-xml-schema-360dc70
define-edi-to-xml-converter-6a3d12b	validating-message-payload-against-xml-schema-360dc70
define-exception-subprocess-690e078	handle-errors-gracefully-42c95f7
define-exception-subprocess-690e078	how-to-work-with-the-example-integration-flows-03e6959
define-filter-733f8dc	examples-eb2e601
define-general-splitter-a6c1916	general-and-iterating-splitter-b49d088
define-general-splitter-a6c1916	runtime-profiles-8007daa
define-general-splitter-a6c1916	updating-your-existing-integration-flow-1f9e879
define-general-splitter-a6c1916	using-xpath-expressions-in-the-splitter-step-c6e63f1
define-id-mapping-2367101	id-mapping-example-581ecfc
define-idempotent-process-call-84c85d7	aggregator-86f97fd
define-idempotent-process-call-84c85d7	idempotent-process-call-handles-duplicates-da18f73
define-idempotent-process-call-84c85d7	idempotent-process-call-handles-duplicates-with-alternative-response-a870621
define-idempotent-process-call-84c85d7	idempotent-process-call-handles-duplicates-with-jms-and-data-store-operations-727724f
define-idempotent-process-call-84c85d7	quality-of-service-exactly-once-f96cf27
define-integration-processes-d704f5c	define-transaction-handling-2a5d4bc
define-iterating-splitter-d61d6ec	general-and-iterating-splitter-b49d088
define-json-to-xml-converter-5a7c0cd	conversion-rules-for-json-to-xml-conversion-232a9cf
define-json-to-xml-converter-5a7c0cd	limitations-for-json-to-xml-conversion-3a02829
define-local-integration-process-520341a	define-transaction-handling-2a5d4bc
define-looping-process-call-f58c2ba	define-router-d7fddbd
define-looping-process-call-f58c2ba	headers-and-exchange-properties-provided-by-the-integration-framework-d0fcb09
define-message-digest-e5d2867	simple-integration-flow-using-a-message-digest-step-8b5a7ce
define-pgp-decryptor-d0dc511	about-headers-and-exchange-properties-0974c4f
define-pgp-decryptor-d0dc511	inbound-message-level-security-with-openpgp-d2acb9f
define-pgp-encryptor-7a07766	about-headers-and-exchange-properties-0974c4f
define-pgp-encryptor-7a07766	outbound-message-level-security-with-openpgp-8641a15
define-poll-enrich-f8c8c1d	assign-sender-and-receiver-components-f0eb056
define-poll-enrich-f8c8c1d	configure-the-sftp-sender-adapter-2de9ee5
define-poll-enrich-f8c8c1d	configure-the-sftp-sender-adapter-used-with-the-poll-enrich-step-1f15fe2
define-proper-transaction-handling-1c31963	control-the-number-of-simultaneously-opened-database-connections-90628e9
define-proper-transaction-handling-1c31963	define-transaction-handling-2a5d4bc
define-proper-transaction-handling-1c31963	delta-synchronization-012be7e
define-proper-transaction-handling-1c31963	jms-send-step-in-local-integration-process-a5644c8
define-proper-transaction-handling-1c31963	master-data-update-with-jms-send-steps-1c3e583
define-proper-transaction-handling-1c31963	master-data-update-with-xi-send-steps-5fb0541
define-proper-transaction-handling-1c31963	splitter-with-multiple-receivers-jms-adapter-type-fc2755c
define-proper-transaction-handling-1c31963	transaction-handling-characteristics-and-restrictions-2388efb
define-proper-transaction-handling-1c31963	transaction-handling-guidelines-52e3f67
define-transaction-handling-2a5d4bc	define-proper-transaction-handling-1c31963
define-transaction-handling-2a5d4bc	update-version-of-an-integration-flow-component-61bf6a2
define-write-variables-de04b75	anticipate-message-throughput-when-choosing-a-storage-option-5b38765
define-write-variables-de04b75	example-scenario-sharing-a-variable-across-two-integration-flows-303562c
define-write-variables-de04b75	variant-sharing-data-across-integration-flows-that-operate-independently-from-each-other-1459948
define-xml-to-edi-converter-707973f	validating-message-payload-against-xml-schema-360dc70
define-xml-to-json-converter-a60a282	how-streaming-in-the-xml-to-json-converter-works-4e05044
defining-access-policies-b0d7950	access-policies-e0009f3
defining-access-policies-b0d7950	access-policies-examples-f1dc1a7
defining-access-policies-b0d7950	creating-custom-roles-for-access-policies-7db3c87
defining-the-router-process-call-and-filter-steps-6e5b9f6	defining-the-standard-message-mapping-c0e0f6d
defining-the-standard-message-mapping-c0e0f6d	standard-mapping-56c3bf5
delete-a-policy-template-f8b3c9b	policies-7e4f3e5
delete-a-policy-template-f8b3c9b	policy-types-c918e28
deleting-the-references-bd809db	accessing-api-management-apis-programmatically-24a2c37
delta-synchronization-012be7e	define-transaction-handling-2a5d4bc
delta-synchronization-012be7e	define-write-variables-de04b75
delta-synchronization-012be7e	delta-synchronization-via-date-now-xpath-698307a
delta-synchronization-012be7e	delta-synchronization-via-timestamp-in-payload-28a6006
delta-synchronization-012be7e	message-processing-logs-827a2d7
delta-synchronization-012be7e	setting-up-inbound-http-connections-for-api-clients-8db3d51
delta-synchronization-via-timestamp-in-payload-28a6006	delta-synchronization-via-date-now-xpath-698307a
deploy-an-api-artifact-b70e7ec	creating-an-api-artifact-c2fe62c
deploy-an-api-artifact-b70e7ec	monitor-apis-and-mcp-servers-399b6c6
deploy-an-api-artifact-b70e7ec	updating-a-certificate-1fa04fa
deploy-an-api-artifact-b70e7ec	uploading-a-keystore-0db193a
deploy-an-api-proxy-525f0dd	create-an-api-proxy-c0842d5
deploy-an-mcp-server-017ba42	how-model-context-protocol-mcp-server-enables-ai-integration-572e7fd
deploy-an-mcp-server-017ba42	monitor-apis-and-mcp-servers-399b6c6
deploy-an-mcp-server-017ba42	updating-a-certificate-1fa04fa
deploy-an-mcp-server-017ba42	uploading-a-keystore-0db193a
deploying-a-pgp-secret-keyring-9d8e1a9	creating-a-key-pair-bb416c5
deploying-a-script-collection-95cb2d9	manage-integration-content-09a7223
deploying-a-user-credentials-artifact-6912d63	openconnectors-receiver-adapter-1a27cee
deploying-an-oauth2-authorization-code-081bfd7	deploying-an-oauth2-client-authorization-code-with-generic-provider-72c8fa7
deploying-an-oauth2-authorization-code-081bfd7	deploying-an-oauth2-client-authorization-code-with-microsoft-365-as-provider-04a94b1
deploying-an-oauth2-authorization-code-081bfd7	oauth-2-0-3823134
deploying-an-oauth2-client-authorization-code-with-generic-provider-72c8fa7	deploying-an-oauth2-client-authorization-code-with-microsoft-365-as-provider-04a94b1
deploying-an-oauth2-client-authorization-code-with-generic-provider-72c8fa7	oauth-2-0-3823134
deploying-an-oauth2-client-authorization-code-with-microsoft-365-as-provider-04a94b1	deploying-an-oauth2-client-authorization-code-with-generic-provider-72c8fa7
deploying-an-oauth2-client-authorization-code-with-microsoft-365-as-provider-04a94b1	oauth-2-0-3823134
deploying-an-oauth2-saml-bearer-assertion-3ee6582	creating-a-key-pair-ssh-key-pair-b8a8601
deploying-an-odata-api-5f59721	manage-integration-content-09a7223
deploying-an-ssh-known-hosts-artifact-46da324	maintaining-ssh-known-hosts-for-sftp-connectivity-514e383
deployment-status-view-40add87	runtime-profiles-8007daa
deployment-status-view-40add87	runtime-status-c14a7b1
design-guidelines-4d1c84f	design-guidelines-view-d62dfe0
design-guidelines-4d1c84f	integration-flow-design-guidelines-6803389
design-guidelines-for-api-artifact-7e704f7	anticipate-message-throughput-when-choosing-a-storage-option-5b38765
design-guidelines-for-api-artifact-7e704f7	apply-the-highest-security-standards-201fd43
design-guidelines-for-api-artifact-7e704f7	define-proper-transaction-handling-1c31963
design-guidelines-for-api-artifact-7e704f7	ensure-upgrade-readiness-6adb0ca
design-guidelines-for-api-artifact-7e704f7	general-scripting-guidelines-fcbf0f2
design-guidelines-for-api-artifact-7e704f7	handle-errors-gracefully-42c95f7
design-guidelines-for-api-artifact-7e704f7	integration-flow-design-guidelines-6803389
design-guidelines-for-api-artifact-7e704f7	keep-readability-in-mind-578fa77
design-guidelines-for-api-artifact-7e704f7	optimize-memory-footprint-dc24074
design-guidelines-for-api-artifact-7e704f7	relax-dependencies-to-external-components-3ea1e33
design-guidelines-for-api-artifact-7e704f7	run-an-integration-flow-under-well-defined-boundary-conditions-f8cf974
design-guidelines-view-d62dfe0	design-guidelines-4d1c84f
design-guidelines-view-d62dfe0	fix-script-incompatibilities-7397c42
designing-quota-policy-2539fb2	flow-variables-47f27da
developing-an-odata-api-project-d961654	creating-an-odata-api-6670029
different-methods-of-creating-an-api-proxy-4ac0431	create-a-policy-c90b895
different-methods-of-creating-an-api-proxy-4ac0431	create-a-product-d769622
different-methods-of-creating-an-api-proxy-4ac0431	create-an-api-proxy-c0842d5
different-methods-of-creating-an-api-proxy-4ac0431	create-an-api-proxy-using-the-api-designer-26e1bbd
different-methods-of-creating-an-api-proxy-4ac0431	import-an-api-definition-9342a93
different-methods-of-creating-an-api-proxy-4ac0431	policies-7e4f3e5
discover-and-publish-apis-from-business-systems-0cea56f	publish-sap-s-4hana-apis-from-business-systems-08aff91
discover-and-publish-apis-from-integration-suite-on-developer-hub-dc3b6c9	activate-and-configure-the-api-management-capability-f6eb433
discover-and-publish-apis-from-integration-suite-on-developer-hub-dc3b6c9	customize-the-visual-format-of-developer-hub-2eacd52
discover-and-publish-apis-from-integration-suite-on-developer-hub-dc3b6c9	discover-and-publish-apis-from-sap-integration-suite-81b3323
discover-and-publish-apis-from-integration-suite-on-developer-hub-dc3b6c9	manage-domain-categories-bd9691d
discover-and-publish-apis-from-integration-suite-on-developer-hub-dc3b6c9	manage-governance-settings-3c87658
discover-and-publish-apis-from-integration-suite-on-developer-hub-dc3b6c9	manage-notifications-df32457
discover-and-publish-apis-from-integration-suite-on-developer-hub-dc3b6c9	onboarding-an-application-developer-786d107
discover-and-publish-apis-from-integration-suite-on-developer-hub-dc3b6c9	subscribe-to-a-product-to-consume-apis-and-events-in-an-application-f74f47d
discover-and-publish-apis-from-integration-suite-on-developer-hub-dc3b6c9	user-roles-and-responsibilities-in-developer-hub-54b4607
discover-and-publish-events-from-advanced-event-mesh-188fff2	create-a-destination-to-connect-advanced-event-mesh-with-developer-hub-cf493ed
discover-and-publish-events-from-advanced-event-mesh-188fff2	publish-events-from-advanced-event-mesh-f5b9344
discover-and-publish-mcp-servers-from-sap-integration-suite-9db32d0	subscribe-to-products-to-make-mcp-servers-agent-ready-2df6934
displaying-properties-of-a-pgp-key-13b3dc9	how-openpgp-works-29bc188
docusign-receiver-adapter-8f3c523	consuming-integration-adapters-from-sap-business-accelerator-hub-b9250fb
don-t-throw-exception-on-failure-0e6ec4f	basic-authentication-with-clientid-and-clientsecret-for-integration-flow-processing-647eeb3
don-t-throw-exception-on-failure-0e6ec4f	webshop-example-application-767d8ef
download-a-variable-94e6799	http-calls-and-uri-components-ca75e12
dropbox-adapter-578148d	consuming-integration-adapters-from-sap-business-accelerator-hub-b9250fb
dynamically-configure-integration-flow-parameters-fff5b2a	define-content-modifier-8f04a70
dynamically-configure-integration-flow-parameters-fff5b2a	dynamic-parameters-example-5705f2b
dynamically-configure-integration-flow-parameters-fff5b2a	headers-and-exchange-properties-provided-by-the-integration-framework-d0fcb09
dynamically-configure-integration-flow-parameters-fff5b2a	parameters-that-support-dynamic-configuration-c9bba0e
edit-an-api-proxy-a64b952	api-designer-51f3ca1
edit-an-api-proxy-a64b952	creating-an-api-proxy-using-sap-cloud-integration-api-provider-aefbd74
edit-partner-entity-858af76	partner-directory-entity-types-950f4b2
editing-an-integration-flow-ccd062a	configure-integration-flow-components-3171795
editing-an-integration-package-155164d	creating-custom-tags-71c0448
editing-an-integration-package-155164d	versioning-of-artifacts-cb536a3
editing-an-odata-model-478632d	odata-model-editor-features-7d298e2
editing-data-type-7136a31	creating-data-types-d5bbbee
editing-the-security-fields-for-the-imported-api-entities-0c184e3	manage-certificates-c665875
editing-value-mapping-6c8847f	creating-value-mapping-25eff9b
editing-value-mapping-6c8847f	formatting-guidelines-for-csv-files-used-in-value-mapping-8fa8203
elster-receiver-adapter-e374ef7	overview-of-integration-flow-editor-db10beb
elster-receiver-adapter-e374ef7	runtime-profiles-8007daa
elster-receiver-adapter-e374ef7	updating-your-existing-integration-flow-1f9e879
enable-archiving-0fbbe93	setting-up-inbound-http-connections-for-api-clients-8db3d51
enable-dynamic-routing-49cbe91	create-an-api-proxy-c0842d5
enable-dynamic-routing-49cbe91	target-endpoint-properties-edeed6a
enable-dynamic-routing-manually-ade825f	api-proxy-structure-4dfd54a
enable-dynamic-routing-manually-ade825f	create-an-api-proxy-c0842d5
enable-dynamic-routing-manually-ade825f	export-an-api-definition-420abb6
enable-dynamic-routing-manually-ade825f	import-an-api-definition-9342a93
enabling-anomaly-detection-intelligent-recommendations-and-api-call-predictions-98534a0	disabling-anomaly-detection-1d6756e
enabling-connection-status-for-integration-flow-3972bf8	sdk-api-c5c7933
enabling-content-transport-cloud-foundry-environment-452c677	creating-http-destinations-and-transport-route-94057be
enabling-content-transport-cloud-foundry-environment-452c677	creating-service-instance-and-service-key-for-inbound-authentication-19af5e2
enabling-content-transport-using-sap-cloud-transport-management-service-4f55441	adding-a-destination-node-in-cloud-transport-management-applications-681bb1a
enabling-content-transport-using-sap-cloud-transport-management-service-4f55441	adding-a-source-node-in-transport-management-applications-dc24ea2
enabling-content-transport-using-sap-cloud-transport-management-service-4f55441	connecting-the-source-and-the-destination-nodes-4840f03
enabling-content-transport-using-sap-cloud-transport-management-service-4f55441	create-a-deploy-service-destination-in-cloud-transport-management-service-subaccount-09b1eec
enabling-content-transport-using-sap-cloud-transport-management-service-4f55441	creating-an-instance-of-api-portal-api-management-6129172
enabling-content-transport-using-sap-cloud-transport-management-service-4f55441	creating-an-instance-of-content-agent-359ecd7
enabling-content-transport-using-sap-cloud-transport-management-service-4f55441	creating-an-instance-of-sap-cloud-transport-management-service-69a41e2
enabling-content-transport-using-sap-cloud-transport-management-service-4f55441	creating-api-management-destination-3fd86c7
enabling-content-transport-using-sap-cloud-transport-management-service-4f55441	creating-transport-management-destination-6c94d89
enabling-cors-support-03e1136	create-an-api-artifact-using-a-target-url-or-an-openapi-specification-914f57e
enabling-tracing-for-custom-adapter-a7cafa6	message-processing-log-adapter-tracing-a9db4ea
encode-and-decode-content-2ba8448	copying-the-integration-package-and-deploying-the-integration-flows-2cb1d31
encode-and-decode-content-2ba8448	use-the-base64-decoder-11b070d
encode-and-decode-content-2ba8448	use-the-base64-encoder-d28e8fc
encode-and-decode-content-2ba8448	use-the-mime-multipart-encoder-and-decoder-c3fc1f5
encode-dynamic-parameters-d278350	parameters-that-support-dynamic-configuration-c9bba0e
endpoint-visualization-6c3fb22	creating-service-instance-and-service-key-for-inbound-authentication-19af5e2
endpoint-visualization-6c3fb22	tasks-and-permissions-for-cloud-integration-556d557
ensure-upgrade-readiness-6adb0ca	basic-concepts-of-integration-design-ca0f6f7
ensure-upgrade-readiness-6adb0ca	design-guidelines-4d1c84f
ensure-upgrade-readiness-6adb0ca	design-guidelines-view-d62dfe0
ensure-upgrade-readiness-6adb0ca	fix-script-incompatibilities-7397c42
ensure-upgrade-readiness-6adb0ca	scripts-fa29f02
ensure-upgrade-readiness-6adb0ca	upgrading-script-917e014
ensure-valid-syntax-afab3a1	fix-script-incompatibilities-7397c42
establish-the-connection-between-the-agent-and-the-mcp-server-dd58b69	accessing-an-mcp-server-using-a-technical-user-token-c3c81a8
establish-the-connection-between-the-agent-and-the-mcp-server-dd58b69	accessing-an-mcp-server-using-an-idp-user-token-a9f4183
establish-the-connection-between-the-agent-and-the-mcp-server-dd58b69	authentication-fa6eec4
establish-the-connection-between-the-agent-and-the-mcp-server-dd58b69	authorization-6658409
event-flow-step-ea36d8d	define-exception-subprocess-690e078
event-flow-step-ea36d8d	define-terminate-message-event-bc3fee4
event-flow-step-ea36d8d	handle-exceptions-445a0c6
example-scenario-with-mime-multipart-encoder-decoder-80baed3	configure-the-mail-receiver-adapter-f68d5e0
example-scenario-with-mime-multipart-encoder-decoder-80baed3	configure-the-mail-sender-adapter-e23e9cc
example-scenario-with-mime-multipart-encoder-decoder-80baed3	mime-multipart-encoder-handling-message-headers-examples-b446281
example-using-a-global-data-store-and-a-global-variable-773a7ec	define-proper-transaction-handling-1c31963
example-using-a-global-data-store-and-a-global-variable-773a7ec	variant-sharing-data-across-integration-flows-that-operate-independently-from-each-other-1459948
example-using-a-global-data-store-and-a-global-variable-773a7ec	variant-timer-initiated-scenario-with-external-data-source-and-receiver-7e766dd
examples-c8ba267	example-using-a-global-data-store-and-a-global-variable-773a7ec
examples-c8ba267	store-retrieve-messages-in-from-the-data-store-604f7b1
executing-the-scenario-909ec34	set-up-the-soap-client-and-start-message-processing-4844baa
export-a-policy-template-d27df04	policies-7e4f3e5
export-a-policy-template-d27df04	policy-types-c918e28
export-an-api-definition-420abb6	api-proxy-structure-4dfd54a
export-certificate-1133cca	http-calls-and-uri-components-ca75e12
export-public-key-in-openssh-format-dbf276e	http-calls-and-uri-components-ca75e12
expose-an-endpoint-for-a-scheduled-integration-flow-d4bb40c	simulation-of-an-integration-flow-2e2210b
external-callout-for-api-artifact-a0b3712	default-adapters-for-api-artifacts-719d07c
external-logging-ad719c1	setting-up-inbound-http-connections-for-api-clients-8db3d51
externalize-parameters-of-an-integration-flow-45b2a07	configure-externalized-parameters-of-an-integration-flow-462a478
externalize-parameters-of-an-integration-flow-45b2a07	externalized-parameters-view-27a0216
externalize-parameters-of-an-integration-flow-45b2a07	working-with-an-integration-package-c433ce2
externalized-parameters-view-27a0216	externalize-parameters-of-an-integration-flow-45b2a07
externally-managed-apis-848015d	create-a-product-d769622
externally-managed-apis-848015d	import-an-api-definition-9342a93
extract-084e6f2	configuring-connectivity-to-an-sap-process-orchestration-system-8c36fd2
extract-084e6f2	creating-an-integration-package-9126d79
extract-084e6f2	generate-f9100ff
extract-084e6f2	supported-patterns-6affc1a
extract-variables-dad6ef6	examples-6f56308
facebook-receiver-adapter-3dcc408	dynamic-parameters-example-5705f2b
facebook-receiver-adapter-3dcc408	overview-of-integration-flow-editor-db10beb
facebook-receiver-adapter-3dcc408	runtime-profiles-8007daa
facebook-receiver-adapter-3dcc408	updating-your-existing-integration-flow-1f9e879
features-that-support-message-level-security-0c58bdc	define-pgp-decryptor-d0dc511
features-that-support-message-level-security-0c58bdc	define-pgp-encryptor-7a07766
features-that-support-message-level-security-0c58bdc	define-pkcs-7-cms-decryptor-51d903b
features-that-support-message-level-security-0c58bdc	encrypt-and-sign-the-message-content-with-pkcs-7-cms-encryptor-21fd211
features-that-support-message-level-security-0c58bdc	sign-the-message-content-with-pkcs-7-cms-signer-cc09e03
features-that-support-message-level-security-0c58bdc	sign-the-message-content-with-xml-digital-signature-9a013db
features-that-support-message-level-security-0c58bdc	verify-the-pkcs-7-cms-signature-f095dc6
features-that-support-message-level-security-0c58bdc	verify-the-xml-digital-signature-090b932
features-that-support-message-level-security-0c58bdc	ws-security-configuration-for-the-receiver-soap-1-x-adapter-e9f42bf
features-that-support-message-level-security-0c58bdc	ws-security-configuration-for-the-sender-soap-1-x-adapter-e53bb5c
features-that-support-quality-of-service-exactly-once-7e7c236	decoupling-via-jms-queue-ecbde19
features-that-support-quality-of-service-exactly-once-7e7c236	define-id-mapping-2367101
features-that-support-quality-of-service-exactly-once-7e7c236	id-mapping-with-as2-sender-adapter-fe142b3
features-that-support-quality-of-service-exactly-once-7e7c236	id-mapping-with-splitter-441e51d
features-that-support-quality-of-service-exactly-once-7e7c236	sender-and-receiver-with-sap-rm-protocol-9f3e2b6
features-that-support-quality-of-service-exactly-once-7e7c236	sender-and-receiver-with-soap-protocol-cd4c6e0
features-that-support-quality-of-service-exactly-once-7e7c236	xi-sender-adapter-handles-duplicates-7c9a0fd
fetch-the-partner-info-from-the-partner-directory-a44a1f9	first-steps-create-entities-in-the-partner-directory-d32359a
find-your-way-around-advanced-api-analytics-dashboard-1f96ba3	request-to-modify-threshold-value-for-charts-b55f89d
first-steps-import-the-postman-collections-0f4cf38	dynamically-address-receivers-dde6b3a
first-steps-import-the-postman-collections-0f4cf38	fetch-the-partner-info-from-the-partner-directory-a44a1f9
first-steps-import-the-postman-collections-0f4cf38	first-steps-create-entities-in-the-partner-directory-d32359a
first-steps-import-the-postman-collections-0f4cf38	install-and-configure-mendelson-cfa038e
first-steps-import-the-postman-collections-0f4cf38	oauth-with-client-credentials-grant-for-api-clients-20e26a8
first-steps-import-the-postman-collections-0f4cf38	perform-an-xslt-mapping-c6bf239
first-steps-import-the-postman-collections-0f4cf38	use-an-alternative-partner-id-to-retrieve-partner-information-01a784c
first-steps-import-the-postman-collections-0f4cf38	use-the-as2-adapter-with-dynamic-encryption-and-signature-verification-2cd252c
fix-script-incompatibilities-7397c42	define-a-local-script-step-03b32eb
fix-script-incompatibilities-7397c42	scripts-fa29f02
fix-script-incompatibilities-7397c42	upgrading-script-917e014
fix-script-incompatibilities-7397c42	use-scripting-appropriately-d4dc13c
flow-08b40d9	api-proxy-structure-4dfd54a
flow-08b40d9	export-an-api-definition-420abb6
flow-08b40d9	import-an-api-definition-9342a93
flow-variables-47f27da	multi-value-http-headers-in-an-api-proxy-5eb7100
flow-variables-47f27da	tls-ssl-connection-information-variables-9326107
general-scripting-guidelines-fcbf0f2	define-a-local-script-step-03b32eb
general-scripting-guidelines-fcbf0f2	headers-and-exchange-properties-provided-by-the-integration-framework-d0fcb09
general-scripting-guidelines-fcbf0f2	sdk-api-c5c7933
general-scripting-guidelines-fcbf0f2	setting-log-levels-4e6d3fc
general-scripting-guidelines-fcbf0f2	using-script-api-methods-in-groovy-scripts-062f7a7
generate-a-personal-access-token-pat-with-required-permissions-7436351	git-pull-5a8fdb9
generate-a-personal-access-token-pat-with-required-permissions-7436351	git-push-97b5594
generate-a-personal-access-token-pat-with-required-permissions-7436351	import-integration-flows-from-git-repository-223f83c
generate-access-token-f6f84ee	designing-oauth-v2-0-policies-68f0246
generate-access-token-f6f84ee	oauth-2-0-grant-types-308a18a
generate-authorization-code-46d9bb6	designing-oauth-v2-0-policies-68f0246
generate-authorization-code-46d9bb6	oauth-2-0-grant-types-308a18a
generate-f9100ff	creating-message-mapping-as-an-artifact-1d52a7b
generate-f9100ff	decoupling-via-jms-queue-ecbde19
generate-f9100ff	define-idempotent-process-call-84c85d7
generate-f9100ff	extract-084e6f2
generate-f9100ff	standard-approach-1b75b4a
generate-f9100ff	supported-components-6f05bc0
generate-f9100ff	supported-patterns-6affc1a
generate-openapi-specification-with-ai-assistance-5ec68db	artificial-intelligence-6a6727c
generate-openapi-specification-with-ai-assistance-5ec68db	create-an-api-artifact-using-a-destination-a0bdfd4
generating-abap-proxy-c6fcf31	creating-service-instance-and-service-key-for-inbound-authentication-19af5e2
generating-abap-proxy-c6fcf31	managing-user-roles-4e86f0d
generating-abap-proxy-c6fcf31	tasks-and-permissions-for-cloud-integration-556d557
generating-integration-flows-with-ai-assistance-e0b9e8a	artificial-intelligence-6a6727c
generic-receiver-83a6970	copying-the-integration-package-and-deploying-the-integration-flows-2cb1d31
generic-receiver-83a6970	variant-ignore-4998bd8
generic-use-case-70c7774	basic-authentication-with-clientid-and-clientsecret-for-integration-flow-processing-647eeb3
generic-use-case-70c7774	configure-the-soap-sap-rm-receiver-adapter-8366495
generic-use-case-70c7774	interaction-of-the-involved-integration-flows-44be68d
get-all-data-store-entries-for-a-data-store-acbef52	http-calls-and-uri-components-ca75e12
get-all-data-store-entries-for-a-specific-message-id-7de679d	http-calls-and-uri-components-ca75e12
get-all-keystore-entries-2b67349	http-calls-and-uri-components-ca75e12
get-alternative-partner-by-key-fields-b8bd3fb	http-calls-and-uri-components-ca75e12
get-alternative-partners-filter-with-select-ce79cf7	http-calls-and-uri-components-ca75e12
get-custom-header-properties-b90b0b5	http-calls-and-uri-components-ca75e12
get-custom-header-properties-b90b0b5	use-custom-header-properties-to-search-for-message-processing-logs-d4b5839
get-custom-tags-defined-on-the-tenant-a947374	http-calls-and-uri-components-ca75e12
get-keystore-entry-by-alias-e4526db	http-calls-and-uri-components-ca75e12
get-message-processing-logs-for-a-dedicated-time-period-71cb264	http-calls-and-uri-components-ca75e12
get-message-store-entry-properties-a43d59e	http-calls-and-uri-components-ca75e12
get-runtime-status-of-deployed-integration-flow-49c7336	http-calls-and-uri-components-ca75e12
get-single-data-store-entry-8b86912	http-calls-and-uri-components-ca75e12
get-started-with-integration-cell-c4b531d	activate-and-configure-the-api-management-capability-and-access-developer-hub-2111650
get-started-with-integration-cell-c4b531d	activate-integration-cell-1a627da
get-started-with-integration-cell-c4b531d	design-api-centric-integration-artifacts-94957bc
getting-started-0a80259	variant-sender-initiated-scenario-with-external-data-source-and-receiver-36a61b5
getting-started-0a80259	variant-timer-initiated-scenario-423730f
getting-started-0a80259	variant-timer-initiated-scenario-with-external-data-source-and-receiver-7e766dd
git-access-ae173b0	generate-a-personal-access-token-pat-with-required-permissions-7436351
git-access-ae173b0	git-pull-013867f
git-access-ae173b0	git-push-1860d2a
git-access-ae173b0	personas-for-cloud-integration-2937e5c
git-access-f26175e	generate-a-personal-access-token-pat-with-required-permissions-7436351
git-access-f26175e	git-pull-013867f
git-access-f26175e	git-push-1860d2a
git-access-f26175e	personas-for-cloud-integration-2937e5c
git-pull-013867f	generate-a-personal-access-token-pat-with-required-permissions-7436351
git-pull-013867f	git-access-ae173b0
git-pull-5a8fdb9	generate-a-personal-access-token-pat-with-required-permissions-7436351
git-pull-5a8fdb9	git-access-ae173b0
git-push-1860d2a	generate-a-personal-access-token-pat-with-required-permissions-7436351
git-push-1860d2a	git-access-ae173b0
git-push-97b5594	generate-a-personal-access-token-pat-with-required-permissions-7436351
git-push-97b5594	git-access-ae173b0
google-bigquery-receiver-adapter-722ed6c	consuming-integration-adapters-from-sap-business-accelerator-hub-b9250fb
google-cloud-storage-adapter-6d7d104	consuming-integration-adapters-from-sap-business-accelerator-hub-b9250fb
google-pub-sub-adapter-b75f708	consuming-integration-adapters-from-sap-business-accelerator-hub-b9250fb
google-workspace-adapter-d15c6a5	consuming-integration-adapters-from-sap-business-accelerator-hub-b9250fb
guidelines-and-best-practices-for-content-transport-8a8aa38	content-transport-e3c79d6
guidelines-and-best-practices-for-content-transport-8a8aa38	handling-integration-artifacts-across-multiple-tenants-2a1d598
guidelines-for-modifying-content-6a7c9a1	access-header-and-properties-in-message-mapping-4f2a8c9
guidelines-for-modifying-content-6a7c9a1	access-header-and-properties-in-xslt-mapping-f917c39
guidelines-for-modifying-content-6a7c9a1	apply-message-level-security-9036c0c
guidelines-for-modifying-content-6a7c9a1	composed-message-processor-353a119
guidelines-for-modifying-content-6a7c9a1	content-enricher-0e7ba7f
guidelines-for-modifying-content-6a7c9a1	control-the-number-of-simultaneously-opened-database-connections-90628e9
guidelines-for-modifying-content-6a7c9a1	convert-data-c5507d7
guidelines-for-modifying-content-6a7c9a1	create-xslt-mapping-5ce1f15
guidelines-for-modifying-content-6a7c9a1	define-a-local-script-step-03b32eb
guidelines-for-modifying-content-6a7c9a1	define-content-enricher-8827f9f
guidelines-for-modifying-content-6a7c9a1	define-content-modifier-8f04a70
guidelines-for-modifying-content-6a7c9a1	define-data-store-operations-79f63a4
guidelines-for-modifying-content-6a7c9a1	define-filter-733f8dc
guidelines-for-modifying-content-6a7c9a1	define-gather-and-join-94ef1f2
guidelines-for-modifying-content-6a7c9a1	define-message-transformer-steps-e223071
guidelines-for-modifying-content-6a7c9a1	define-security-related-steps-0f71687
guidelines-for-modifying-content-6a7c9a1	define-splitter-dabea9d
guidelines-for-modifying-content-6a7c9a1	define-xml-modifier-af16d64
guidelines-for-modifying-content-6a7c9a1	encode-and-decode-content-2ba8448
guidelines-for-modifying-content-6a7c9a1	handle-exceptions-when-using-the-splitter-pattern-74e431c
guidelines-for-modifying-content-6a7c9a1	message-filter-bd52346
guidelines-for-modifying-content-6a7c9a1	message-mapping-459ccdf
guidelines-for-modifying-content-6a7c9a1	splitter-4b475ea
guidelines-for-modifying-content-6a7c9a1	use-scripting-appropriately-d4dc13c
guidelines-on-role-assignments-fc409e8	personas-for-cloud-integration-2937e5c
guidelines-on-role-assignments-fc409e8	subscribe-only-a-single-tenant-to-sap-business-accelerator-hub-185a52a
guidelines-on-role-assignments-fc409e8	tasks-and-permissions-for-cloud-integration-556d557
guidelines-to-design-enterprise-grade-integration-flows-a8cd981	optimize-performance-491c80d
guidelines-to-implement-specific-integration-patterns-eaf929e	copying-the-integration-package-and-deploying-the-integration-flows-2cb1d31
handle-errors-gracefully-42c95f7	copying-the-integration-package-and-deploying-the-integration-flows-2cb1d31
handle-errors-gracefully-42c95f7	don-t-throw-exception-on-failure-0e6ec4f
handle-errors-gracefully-42c95f7	handle-errors-in-successful-responses-f066020
handle-errors-gracefully-42c95f7	handle-exceptions-ca95c61
handle-errors-gracefully-42c95f7	handle-exceptions-in-dependent-integration-flows-3973cc3
handle-errors-gracefully-42c95f7	handle-exceptions-in-dependent-integration-flows-simple-scenario-984e51a
handle-errors-gracefully-42c95f7	handle-exceptions-in-subprocess-simple-scenario-e8b10b6
handle-errors-gracefully-42c95f7	outsource-exception-handling-into-a-separate-integration-flow-7f3bb85
handle-errors-gracefully-42c95f7	variant-1-splitter-without-gather-with-stop-on-exception-and-with-exception-subprocess-d2445ff
handle-errors-gracefully-42c95f7	variant-2-splitter-without-gather-without-stop-on-exception-and-with-exception-subprocess-f9a508a
handle-errors-gracefully-42c95f7	variant-3-splitter-with-gather-with-stop-on-exception-and-with-exception-subprocess-4eac8a7
handle-errors-gracefully-42c95f7	variant-4-splitter-with-gather-without-stop-on-exception-and-with-exception-subprocess-77b89c1
handle-errors-in-successful-responses-f066020	handle-exceptions-ca95c61
handle-exceptions-445a0c6	copying-the-integration-package-and-deploying-the-integration-flows-2cb1d31
handle-exceptions-ca95c61	copying-the-integration-package-and-deploying-the-integration-flows-2cb1d31
handle-exceptions-in-dependent-integration-flows-3973cc3	apply-a-balanced-encapsulation-of-the-integration-logics-e010db3
handle-exceptions-in-dependent-integration-flows-3973cc3	define-local-integration-process-520341a
handle-exceptions-in-dependent-integration-flows-3973cc3	generic-receiver-83a6970
handle-exceptions-in-dependent-integration-flows-3973cc3	handle-exceptions-ca95c61
handle-exceptions-in-dependent-integration-flows-simple-scenario-984e51a	handle-exceptions-in-dependent-integration-flows-3973cc3
handle-exceptions-in-dependent-integration-flows-simple-scenario-984e51a	handle-exceptions-in-subprocess-simple-scenario-e8b10b6
handle-exceptions-in-subprocess-simple-scenario-e8b10b6	handle-exceptions-in-dependent-integration-flows-simple-scenario-984e51a
handle-exceptions-when-using-the-splitter-pattern-74e431c	handle-exceptions-ca95c61
handle-exceptions-when-using-the-splitter-pattern-74e431c	variant-1-splitter-without-gather-with-stop-on-exception-and-with-exception-subprocess-d2445ff
handle-exceptions-when-using-the-splitter-pattern-74e431c	variant-2-splitter-without-gather-without-stop-on-exception-and-with-exception-subprocess-f9a508a
handle-exceptions-when-using-the-splitter-pattern-74e431c	variant-3-splitter-with-gather-with-stop-on-exception-and-with-exception-subprocess-4eac8a7
handle-exceptions-when-using-the-splitter-pattern-74e431c	variant-4-splitter-with-gather-without-stop-on-exception-and-with-exception-subprocess-77b89c1
handle-idoc-bulk-messages-e35e389	basic-authentication-with-clientid-and-clientsecret-for-integration-flow-processing-647eeb3
handle-idoc-bulk-messages-e35e389	configure-the-idoc-receiver-adapter-018aa88
handle-idoc-bulk-messages-e35e389	configure-the-idoc-sender-adapter-bf769d6
handle-idoc-bulk-messages-e35e389	define-idoc-splitter-4f250e4
handling-faults-using-faultrules-and-defaultfaultrule-8be5a7b	raise-fault-c7f2e8d
handling-faults-using-faultrules-and-defaultfaultrule-8be5a7b	verify-api-key-4d15a04
handling-integration-artifacts-across-multiple-tenants-2a1d598	content-transport-e3c79d6
handling-integration-artifacts-across-multiple-tenants-2a1d598	creating-a-key-pair-ssh-key-pair-b8a8601
handling-integration-artifacts-across-multiple-tenants-2a1d598	deploying-a-pgp-public-keyring-7f04458
handling-integration-artifacts-across-multiple-tenants-2a1d598	deploying-a-pgp-secret-keyring-9d8e1a9
handling-integration-artifacts-across-multiple-tenants-2a1d598	deploying-a-secure-parameter-artifact-4641d6c
handling-integration-artifacts-across-multiple-tenants-2a1d598	deploying-a-user-credentials-artifact-6912d63
handling-integration-artifacts-across-multiple-tenants-2a1d598	deploying-an-oauth2-client-credentials-artifact-801b106
handling-integration-artifacts-across-multiple-tenants-2a1d598	deploying-an-ssh-known-hosts-artifact-46da324
handling-integration-artifacts-across-multiple-tenants-2a1d598	managing-access-policies-318d107
handling-integration-artifacts-across-multiple-tenants-2a1d598	managing-jdbc-data-sources-4c873fa
handling-integration-artifacts-across-multiple-tenants-2a1d598	managing-keystore-entries-2dc8942
handling-integration-artifacts-across-multiple-tenants-2a1d598	parameterizing-integration-flows-using-the-partner-directory-b7812a5
handling-prepackaged-sap-to-sap-integration-content-2dc4d87	content-transport-e3c79d6
handling-prepackaged-sap-to-sap-integration-content-2dc4d87	content-transport-using-manual-export-and-import-fd23e14
handling-url-redirects-in-an-api-proxy-using-policies-9e63c01	create-a-policy-template-c5d1872
handling-url-redirects-in-an-api-proxy-using-policies-9e63c01	different-methods-of-creating-an-api-proxy-4ac0431
headers-and-exchange-properties-provided-by-the-integration-framework-d0fcb09	dynamic-parameters-example-5705f2b
how-model-context-protocol-mcp-server-enables-ai-integration-572e7fd	analyze-apis-and-mcp-servers-da4af34
how-model-context-protocol-mcp-server-enables-ai-integration-572e7fd	create-an-mcp-server-by-referring-to-an-rfc-based-backend-cbb8b78
how-model-context-protocol-mcp-server-enables-ai-integration-572e7fd	create-an-mcp-server-from-an-api-artifact-9f18140
how-model-context-protocol-mcp-server-enables-ai-integration-572e7fd	create-an-mcp-server-from-an-http-endpoint-b59f141
how-model-context-protocol-mcp-server-enables-ai-integration-572e7fd	deploy-an-api-artifact-b70e7ec
how-model-context-protocol-mcp-server-enables-ai-integration-572e7fd	discover-and-publish-mcp-servers-from-sap-integration-suite-9db32d0
how-model-context-protocol-mcp-server-enables-ai-integration-572e7fd	subscribe-to-products-to-make-mcp-servers-agent-ready-2df6934
how-to-work-with-the-example-integration-flows-03e6959	copying-the-integration-package-and-deploying-the-integration-flows-2cb1d31
how-to-work-with-the-example-integration-flows-03e6959	generic-receiver-83a6970
how-to-work-with-the-example-integration-flows-03e6959	webshop-example-application-767d8ef
how-to-work-with-the-example-integration-flows-03e6959	working-with-postman-collections-1d11aa6
how-xml-signature-works-9857d50	sign-the-message-content-with-xml-digital-signature-9a013db
http-calls-and-uri-components-ca75e12	basic-authentication-of-an-idp-user-for-api-clients-57f104d
http-calls-and-uri-components-ca75e12	creating-service-instance-and-service-key-for-inbound-authentication-19af5e2
http-calls-and-uri-components-ca75e12	setting-up-inbound-http-connections-for-api-clients-8db3d51
http-receiver-adapter-2da452e	deploying-an-oauth2-client-credentials-artifact-801b106
http-receiver-adapter-2da452e	deploying-an-oauth2-saml-bearer-assertion-3ee6582
http-receiver-adapter-2da452e	dynamic-parameters-example-5705f2b
http-receiver-adapter-2da452e	message-processing-log-adapter-tracing-a9db4ea
http-receiver-adapter-2da452e	optimize-integration-flow-design-for-streaming-396941a
http-receiver-adapter-2da452e	overview-of-integration-flow-editor-db10beb
http-receiver-adapter-2da452e	receiver-is-idempotent-f5b22ba
http-receiver-adapter-2da452e	runtime-profiles-8007daa
http-receiver-adapter-2da452e	updating-your-existing-integration-flow-1f9e879
https-based-communication-1a22d00	client-certificate-authentication-outbound-c4e4a15
https-based-communication-1a22d00	keystore-b163513
https-sender-adapter-0ae4a78	creating-service-instance-and-service-key-for-inbound-authentication-19af5e2
https-sender-adapter-0ae4a78	define-error-configuration-77d0041
https-sender-adapter-0ae4a78	message-processing-log-adapter-tracing-a9db4ea
https-sender-adapter-0ae4a78	runtime-profiles-8007daa
https-sender-adapter-0ae4a78	updating-your-existing-integration-flow-1f9e879
hubspot-receiver-adapter-48cfaa8	consuming-integration-adapters-from-sap-business-accelerator-hub-b9250fb
ibm-mq-adapter-e0bb2df	consuming-integration-adapters-from-sap-business-accelerator-hub-b9250fb
id-mapping-example-581ecfc	headers-and-exchange-properties-provided-by-the-integration-framework-d0fcb09
id-mapping-with-as2-sender-adapter-fe142b3	basic-authentication-with-clientid-and-clientsecret-for-integration-flow-processing-647eeb3
id-mapping-with-as2-sender-adapter-fe142b3	configure-the-as2-sender-adapter-5d7ee17
id-mapping-with-as2-sender-adapter-fe142b3	configure-the-soap-sap-rm-receiver-adapter-8366495
id-mapping-with-as2-sender-adapter-fe142b3	define-id-mapping-2367101
id-mapping-with-multicast-55f2d4a	basic-authentication-with-clientid-and-clientsecret-for-integration-flow-processing-647eeb3
id-mapping-with-multicast-55f2d4a	configure-the-soap-sap-rm-receiver-adapter-8366495
id-mapping-with-multicast-55f2d4a	configure-the-soap-sap-rm-sender-adapter-6962234
id-mapping-with-multicast-55f2d4a	configure-the-soap-soap-1-x-receiver-adapter-57f7b34
id-mapping-with-multicast-55f2d4a	content-filter-6fd4a86
id-mapping-with-multicast-55f2d4a	define-id-mapping-2367101
id-mapping-with-splitter-441e51d	basic-authentication-with-clientid-and-clientsecret-for-integration-flow-processing-647eeb3
id-mapping-with-splitter-441e51d	configure-the-soap-sap-rm-receiver-adapter-8366495
id-mapping-with-splitter-441e51d	configure-the-soap-sap-rm-sender-adapter-6962234
id-mapping-with-splitter-441e51d	define-id-mapping-2367101
id-mapping-with-splitter-441e51d	headers-and-exchange-properties-provided-by-the-integration-framework-d0fcb09
id-mapping-with-splitter-441e51d	sender-and-receiver-with-sap-rm-protocol-9f3e2b6
id-mapping-with-splitter-441e51d	variant-with-general-splitter-cba1ecb
idempotent-process-call-handles-duplicates-da18f73	basic-authentication-with-clientid-and-clientsecret-for-integration-flow-processing-647eeb3
idempotent-process-call-handles-duplicates-da18f73	configure-the-soap-soap-1-x-receiver-adapter-57f7b34
idempotent-process-call-handles-duplicates-da18f73	xi-sender-adapter-handles-duplicates-7c9a0fd
idempotent-process-call-handles-duplicates-with-alternative-response-a870621	basic-authentication-with-clientid-and-clientsecret-for-integration-flow-processing-647eeb3
idempotent-process-call-handles-duplicates-with-jms-and-data-store-operations-727724f	basic-authentication-with-clientid-and-clientsecret-for-integration-flow-processing-647eeb3
idempotent-process-call-handles-duplicates-with-jms-and-data-store-operations-727724f	decoupling-via-jms-queue-ecbde19
idempotent-process-call-handles-duplicates-with-jms-and-data-store-operations-727724f	transaction-handling-guidelines-52e3f67
identity-and-access-management-for-api-management-016556f	assigning-role-collections-to-users-80bb02e
identity-and-access-management-for-cloud-integration-f805b22	tasks-and-permissions-for-cloud-integration-556d557
idoc-receiver-handles-duplicates-8f8feea	basic-authentication-with-clientid-and-clientsecret-for-integration-flow-processing-647eeb3
idoc-receiver-handles-duplicates-8f8feea	configure-the-idoc-receiver-adapter-018aa88
idoc-receiver-handles-duplicates-8f8feea	configure-the-soap-sap-rm-sender-adapter-6962234
idoc-receiver-handles-duplicates-8f8feea	interaction-of-the-involved-integration-flows-44be68d
idoc-receiver-handles-duplicates-based-on-unique-id-in-payload-bb441a9	basic-authentication-with-clientid-and-clientsecret-for-integration-flow-processing-647eeb3
idoc-receiver-handles-duplicates-based-on-unique-id-in-payload-bb441a9	configure-the-idoc-receiver-adapter-018aa88
idoc-receiver-handles-duplicates-based-on-unique-id-in-payload-bb441a9	idoc-receiver-handles-duplicates-8f8feea
idoc-receiver-handles-duplicates-based-on-unique-id-in-payload-bb441a9	interaction-of-the-involved-integration-flows-44be68d
idoc-receiver-handles-duplicates-with-decoupling-via-jms-queue-776b640	basic-authentication-with-clientid-and-clientsecret-for-integration-flow-processing-647eeb3
idoc-receiver-handles-duplicates-with-decoupling-via-jms-queue-776b640	decoupling-via-jms-queue-ecbde19
idoc-receiver-handles-duplicates-with-decoupling-via-jms-queue-776b640	xi-receiver-handles-duplicates-fcf026b
import-a-policy-template-52263ad	policies-7e4f3e5
import-a-policy-template-52263ad	policy-types-c918e28
import-an-api-definition-9342a93	api-proxy-states-091cda4
import-an-api-definition-9342a93	api-proxy-structure-4dfd54a
import-an-api-definition-9342a93	api-versioning-b3cda3b
import-an-api-definition-9342a93	externally-managed-apis-848015d
import-an-api-definition-9342a93	load-balancing-across-api-providers-7ac0c09
import-an-api-definition-9342a93	openapi-specification-3-0-3ce080d
import-and-update-certificate-be3a0b9	http-calls-and-uri-components-ca75e12
import-function-library-from-es-repository-d6e7585	configuring-connectivity-to-an-sap-process-orchestration-system-8c36fd2
import-function-library-from-es-repository-d6e7585	creating-a-function-libraries-artifact-950b897
import-integration-adapters-386d7d0	configure-adapter-in-communication-channels-1f06633
import-integration-flows-from-git-repository-223f83c	generate-a-personal-access-token-pat-with-required-permissions-7436351
import-integration-flows-from-git-repository-223f83c	git-access-ae173b0
import-integration-flows-from-git-repository-223f83c	using-git-operations-68d2d79
import-integration-flows-from-git-repository-fc9fac2	generate-a-personal-access-token-pat-with-required-permissions-7436351
import-integration-flows-from-git-repository-fc9fac2	git-access-ae173b0
import-integration-flows-from-git-repository-fc9fac2	using-git-operations-68d2d79
import-service-interface-from-enterprise-service-repository-1629d6a	configuring-connectivity-to-an-sap-process-orchestration-system-8c36fd2
import-service-interface-from-enterprise-service-repository-1629d6a	configuring-service-interface-53d5c97
import-service-interface-from-enterprise-service-repository-1629d6a	packaging-integration-content-in-sap-integration-suite-89da0a2
importing-custom-integration-adapter-482286e	developing-custom-adapters-7392cc4
importing-custom-integration-adapter-482286e	tasks-and-permissions-for-cloud-integration-556d557
importing-data-type-from-enterprise-service-repository-af14cac	configuring-connectivity-to-an-sap-process-orchestration-system-8c36fd2
importing-data-type-from-enterprise-service-repository-af14cac	configuring-data-types-97ad101
importing-data-type-from-enterprise-service-repository-af14cac	packaging-integration-content-in-sap-integration-suite-89da0a2
importing-fault-message-type-04af225	configuring-connectivity-to-an-sap-process-orchestration-system-8c36fd2
importing-fault-message-type-04af225	configuring-fault-message-type-6dfaa7a
importing-fault-message-type-04af225	packaging-integration-content-in-sap-integration-suite-89da0a2
importing-mapping-content-from-es-repository-e18fc05	configuring-connectivity-to-an-sap-process-orchestration-system-8c36fd2
importing-mapping-content-from-es-repository-e18fc05	manage-references-b5968b2
importing-mapping-content-from-es-repository-e18fc05	operation-mapping-05b9569
importing-message-type-from-the-enterprise-service-repository-13a0318	configuring-connectivity-to-an-sap-process-orchestration-system-8c36fd2
importing-message-type-from-the-enterprise-service-repository-13a0318	configuring-data-types-97ad101
importing-message-type-from-the-enterprise-service-repository-13a0318	packaging-integration-content-in-sap-integration-suite-89da0a2
importing-value-mapping-from-integration-directory-26dd264	configuring-connectivity-to-an-sap-process-orchestration-system-8c36fd2
importing-value-mapping-from-integration-directory-26dd264	configuring-value-mapping-40c1827
importing-value-mapping-from-integration-directory-26dd264	packaging-integration-content-in-sap-integration-suite-89da0a2
include-only-used-import-statements-1220ae1	fix-script-incompatibilities-7397c42
inspect-a4d5e49	inspect-content-size-f72b7ff
inspect-a4d5e49	inspect-data-store-usage-fcc08f6
inspect-a4d5e49	inspect-database-connection-usage-567eb42
inspect-a4d5e49	inspect-database-transaction-usage-6736a37
inspect-a4d5e49	inspect-monitoring-storage-usage-216dc43
inspect-a4d5e49	inspect-system-memory-usage-e9617dd
inspect-a4d5e49	inspect-temporary-storage-7cdfaa7
inspect-a4d5e49	inspect-top-consuming-integration-flows-c8fd522
inspect-a4d5e49	tasks-and-permissions-for-cloud-integration-556d557
inspect-content-size-f72b7ff	inspect-resource-consumption-for-individual-integration-flow-3380bd6
inspect-content-size-f72b7ff	limit-size-of-deployed-integration-content-417f82b
inspect-content-size-f72b7ff	manage-integration-content-09a7223
inspect-data-store-usage-fcc08f6	anticipate-message-throughput-when-choosing-a-storage-option-5b38765
inspect-data-store-usage-fcc08f6	define-data-store-operations-79f63a4
inspect-data-store-usage-fcc08f6	define-data-store-write-operations-46260ee
inspect-data-store-usage-fcc08f6	define-transaction-handling-2a5d4bc
inspect-data-store-usage-fcc08f6	guidelines-and-best-practices-for-message-monitoring-6f598b4
inspect-data-store-usage-fcc08f6	inspect-top-data-stores-by-message-size-00431bf
inspect-data-store-usage-fcc08f6	inspect-top-data-stores-by-usage-55670e6
inspect-data-store-usage-fcc08f6	managing-data-stores-ac39f1d
inspect-data-store-usage-fcc08f6	monitor-message-processing-314df3f
inspect-data-store-usage-fcc08f6	store-retrieve-messages-in-from-the-data-store-604f7b1
inspect-data-store-usage-fcc08f6	using-data-storage-features-when-designing-integration-flows-a836b4e
inspect-database-connection-usage-567eb42	define-proper-transaction-handling-1c31963
inspect-database-connection-usage-567eb42	define-transaction-handling-2a5d4bc
inspect-database-connection-usage-567eb42	inspect-top-integration-flows-by-database-connection-usage-79c5a05
inspect-database-connection-usage-567eb42	inspect-top-integration-flows-with-failed-connection-attempts-5d9d214
inspect-database-connection-usage-567eb42	monitor-message-processing-314df3f
inspect-database-connection-usage-567eb42	transaction-handling-guidelines-52e3f67
inspect-database-transaction-usage-6736a37	define-proper-transaction-handling-1c31963
inspect-database-transaction-usage-6736a37	define-transaction-handling-2a5d4bc
inspect-database-transaction-usage-6736a37	inspect-top-integration-flows-by-maximum-transaction-duration-ab67942
inspect-database-transaction-usage-6736a37	monitor-message-processing-314df3f
inspect-database-transaction-usage-6736a37	transaction-handling-guidelines-52e3f67
inspect-integration-flows-by-system-memory-usage-2a2e1f2	inspect-resource-consumption-for-individual-integration-flow-3380bd6
inspect-integration-flows-by-system-memory-usage-2a2e1f2	manage-integration-content-09a7223
inspect-integration-flows-by-system-memory-usage-2a2e1f2	monitor-message-processing-314df3f
inspect-monitoring-storage-usage-216dc43	guidelines-and-best-practices-for-message-monitoring-6f598b4
inspect-monitoring-storage-usage-216dc43	inspect-top-integration-flows-by-message-processing-log-count-696b65e
inspect-monitoring-storage-usage-216dc43	message-processing-log-b32f8cd
inspect-monitoring-storage-usage-216dc43	monitor-message-processing-314df3f
inspect-monitoring-storage-usage-216dc43	setting-log-levels-4e6d3fc
inspect-resource-consumption-for-individual-integration-flow-3380bd6	inspect-content-size-f72b7ff
inspect-resource-consumption-for-individual-integration-flow-3380bd6	inspect-integration-flows-by-system-memory-usage-2a2e1f2
inspect-resource-consumption-for-individual-integration-flow-3380bd6	inspect-top-integration-flows-by-database-connection-usage-79c5a05
inspect-resource-consumption-for-individual-integration-flow-3380bd6	inspect-top-integration-flows-by-maximum-transaction-duration-ab67942
inspect-resource-consumption-for-individual-integration-flow-3380bd6	inspect-top-integration-flows-by-message-processing-log-count-696b65e
inspect-resource-consumption-for-individual-integration-flow-3380bd6	inspect-top-integration-flows-by-storage-usage-9183e3b
inspect-resource-consumption-for-individual-integration-flow-3380bd6	manage-integration-content-09a7223
inspect-resource-consumption-for-individual-integration-flow-3380bd6	monitor-message-processing-314df3f
inspect-system-memory-usage-e9617dd	inspect-integration-flows-by-system-memory-usage-2a2e1f2
inspect-system-memory-usage-e9617dd	monitor-message-processing-314df3f
inspect-system-memory-usage-e9617dd	optimize-memory-footprint-dc24074
inspect-system-memory-usage-e9617dd	reduce-the-memory-consumption-for-splitter-scenarios-de974b8
inspect-temporary-storage-7cdfaa7	inspect-top-integration-flows-by-storage-usage-9183e3b
inspect-temporary-storage-7cdfaa7	monitor-message-processing-314df3f
inspect-temporary-storage-7cdfaa7	system-scope-for-cloud-integration-8ea3822
inspect-top-consuming-integration-flows-c8fd522	inspect-resource-consumption-for-individual-integration-flow-3380bd6
inspect-top-consuming-integration-flows-c8fd522	manage-integration-content-09a7223
inspect-top-consuming-integration-flows-c8fd522	monitor-message-processing-314df3f
inspect-top-data-stores-by-message-size-00431bf	inspect-top-integration-flows-by-database-connection-usage-79c5a05
inspect-top-data-stores-by-message-size-00431bf	manage-integration-content-09a7223
inspect-top-data-stores-by-message-size-00431bf	managing-data-stores-ac39f1d
inspect-top-data-stores-by-message-size-00431bf	monitor-message-processing-314df3f
inspect-top-data-stores-by-usage-55670e6	inspect-top-integration-flows-by-database-connection-usage-79c5a05
inspect-top-data-stores-by-usage-55670e6	manage-integration-content-09a7223
inspect-top-data-stores-by-usage-55670e6	managing-data-stores-ac39f1d
inspect-top-data-stores-by-usage-55670e6	monitor-message-processing-314df3f
inspect-top-integration-flows-by-database-connection-usage-79c5a05	inspect-resource-consumption-for-individual-integration-flow-3380bd6
inspect-top-integration-flows-by-database-connection-usage-79c5a05	manage-integration-content-09a7223
inspect-top-integration-flows-by-database-connection-usage-79c5a05	monitor-message-processing-314df3f
inspect-top-integration-flows-by-maximum-transaction-duration-ab67942	inspect-resource-consumption-for-individual-integration-flow-3380bd6
inspect-top-integration-flows-by-maximum-transaction-duration-ab67942	manage-integration-content-09a7223
inspect-top-integration-flows-by-maximum-transaction-duration-ab67942	monitor-message-processing-314df3f
inspect-top-integration-flows-by-message-processing-log-count-696b65e	inspect-resource-consumption-for-individual-integration-flow-3380bd6
inspect-top-integration-flows-by-message-processing-log-count-696b65e	manage-integration-content-09a7223
inspect-top-integration-flows-by-message-processing-log-count-696b65e	monitor-message-processing-314df3f
inspect-top-integration-flows-by-storage-usage-9183e3b	inspect-resource-consumption-for-individual-integration-flow-3380bd6
inspect-top-integration-flows-by-storage-usage-9183e3b	manage-integration-content-09a7223
inspect-top-integration-flows-by-storage-usage-9183e3b	monitor-message-processing-314df3f
inspect-top-integration-flows-with-failed-connection-attempts-5d9d214	inspect-resource-consumption-for-individual-integration-flow-3380bd6
inspect-top-integration-flows-with-failed-connection-attempts-5d9d214	manage-integration-content-09a7223
inspect-top-integration-flows-with-failed-connection-attempts-5d9d214	monitor-message-processing-314df3f
install-and-configure-mendelson-cfa038e	first-steps-import-the-postman-collections-0f4cf38
install-and-configure-mendelson-cfa038e	using-the-connectivity-test-to-get-the-load-balancer-server-root-certificate-5d6cbf4
integrating-with-github-162c3c7	git-access-ae173b0
integrating-with-github-162c3c7	git-pull-013867f
integrating-with-github-162c3c7	git-push-1860d2a
integrating-with-github-162c3c7	manage-integration-content-09a7223
integration-adapter-example-requests-b996c4f	http-calls-and-uri-components-ca75e12
integration-artifact-types-bf932e0	create-and-deploy-a-rest-api-artifact-fec774c
integration-artifact-types-bf932e0	create-and-deploy-a-soap-api-artifact-1a439af
integration-artifact-types-bf932e0	create-and-deploy-an-odata-api-artifact-8bc912d
integration-artifact-types-bf932e0	creating-a-script-collection-824bff0
integration-artifact-types-bf932e0	creating-an-integration-flow-da53d93
integration-artifact-types-bf932e0	creating-fault-message-type-789b394
integration-artifact-types-bf932e0	creating-message-mapping-as-an-artifact-1d52a7b
integration-artifact-types-bf932e0	editing-value-mapping-6c8847f
integration-artifact-types-bf932e0	importing-custom-integration-adapter-482286e
integration-artifact-types-bf932e0	working-with-data-types-cf1d397
integration-artifact-types-bf932e0	working-with-function-libraries-dd8c30d
integration-artifact-types-bf932e0	working-with-imported-archives-e00e81d
integration-artifact-types-bf932e0	working-with-service-interface-fe4b35a
integration-content-d1679a8	build-and-deploy-status-d8934e0
integration-content-d1679a8	creating-custom-tags-71c0448
integration-content-d1679a8	http-calls-and-uri-components-ca75e12
integration-content-d1679a8	integration-content-example-requests-60cc8f1
integration-content-d1679a8	query-options-99f4b70
integration-content-d1679a8	runtime-status-c14a7b1
integration-content-d1679a8	sap-master-data-integration-receiver-adapter-e91e373
integration-content-d1679a8	setting-up-inbound-http-connections-for-api-clients-8db3d51
integration-content-d1679a8	tasks-and-permissions-for-cloud-integration-556d557
integration-content-example-requests-60cc8f1	create-new-custom-tags-configuration-31e8308
integration-content-example-requests-60cc8f1	get-custom-tags-defined-on-the-tenant-a947374
integration-content-example-requests-60cc8f1	get-runtime-status-of-deployed-integration-flow-49c7336
integration-content-example-requests-60cc8f1	integration-adapter-example-requests-b996c4f
integration-content-example-requests-60cc8f1	integration-flow-example-requests-d4c9711
integration-content-example-requests-60cc8f1	integration-package-example-requests-24a39f0
integration-content-example-requests-60cc8f1	runtime-artifacts-and-error-information-example-requests-3db463e
integration-content-example-requests-60cc8f1	serviceendpoints-example-requests-26797fb
integration-content-example-requests-60cc8f1	value-mapping-example-requests-1425fe5
integration-content-migration-agent-28a8698	artificial-intelligence-6a6727c
integration-content-migration-agent-28a8698	pipeline-approach-efc40f8
integration-content-migration-agent-28a8698	scripts-fa29f02
integration-content-migration-agent-28a8698	standard-approach-1b75b4a
integration-flow-design-guidelines-6803389	guidelines-to-design-enterprise-grade-integration-flows-a8cd981
integration-flow-design-guidelines-6803389	guidelines-to-implement-specific-integration-patterns-eaf929e
integration-flow-design-guidelines-6803389	how-to-work-with-the-example-integration-flows-03e6959
integration-flow-design-guidelines-6803389	learn-the-basics-ebc6034
integration-flow-example-requests-d4c9711	http-calls-and-uri-components-ca75e12
integration-flow-extension-concepts-41b238c	processdirect-adapter-7445718
integration-flow-extension-d374172	creating-the-custom-integration-flow-with-the-post-exit-mapping-988e5e3
integration-flow-extension-d374172	creating-the-standard-integration-flow-4da82ad
integration-flow-extension-d374172	integration-flow-extension-concepts-41b238c
integration-flow-extension-d374172	mapping-extension-step-by-step-demo-example-2c3a543
integration-flow-extension-d374172	mapping-extension-step-by-step-example-from-sap-hybris-c4c-7749fb7
integration-package-example-requests-24a39f0	http-calls-and-uri-components-ca75e12
integration-scenarios-89ab77b	extract-084e6f2
integration-scenarios-89ab77b	generate-f9100ff
interaction-of-the-involved-integration-flows-44be68d	quality-of-service-exactly-once-f96cf27
interaction-of-the-involved-integration-flows-44be68d	sender-and-receiver-with-sap-rm-protocol-9f3e2b6
introduction-10dc4a3	adobe-sign-receiver-adapter-e73852e
introduction-10dc4a3	ai-receiver-adapter-66e89d2
introduction-10dc4a3	amazon-dynamodb-receiver-adapter-36620d5
introduction-10dc4a3	amazon-eventbridge-receiver-adapter-ff3f9ed
introduction-10dc4a3	amazon-kinesis-adapter-986f02f
introduction-10dc4a3	amazonwebservices-receiver-adapter-bc7d1aa
introduction-10dc4a3	amazonwebservices-sender-adapter-16772e3
introduction-10dc4a3	amq-sender-for-sap-integration-suite-advanced-event-mesh-be1e496
introduction-10dc4a3	amqp-receiver-for-sap-event-mesh-0b7cc2f
introduction-10dc4a3	amqp-receiver-for-sap-integration-suite-advanced-event-mesh-5f229c0
introduction-10dc4a3	amqp-sender-for-sap-event-mesh-7d8a83f
introduction-10dc4a3	anaplan-receiver-adapter-364ab57
introduction-10dc4a3	as4-receiver-adapter-3a2fde8
introduction-10dc4a3	as4-sender-adapter-a448605
introduction-10dc4a3	azure-cosmos-db-receiver-adapter-aa8222e
introduction-10dc4a3	azure-service-bus-receiver-adapter-e67db82
introduction-10dc4a3	azure-service-bus-sender-adapter-e80310f
introduction-10dc4a3	bamboohr-receiver-adapter-4f52e62
introduction-10dc4a3	bigcommerce-receiver-graphql-adapter-3dbf284
introduction-10dc4a3	bigcommerce-receiver-rest-adapter-f36aab9
introduction-10dc4a3	box-receiver-adapter-172dfbf
introduction-10dc4a3	configure-the-advanced-event-mesh-receiver-adapter-881f656
introduction-10dc4a3	configure-the-advanced-event-mesh-sender-adapter-abd2efc
introduction-10dc4a3	configure-the-amqp-receiver-adapter-d5660c1
introduction-10dc4a3	configure-the-amqp-sender-adapter-99ce674
introduction-10dc4a3	configure-the-ariba-receiver-adapter-49dffa3
introduction-10dc4a3	configure-the-ariba-sender-adapter-0629b58
introduction-10dc4a3	configure-the-as2-receiver-adapter-9db62be
introduction-10dc4a3	configure-the-as2-sender-adapter-5d7ee17
introduction-10dc4a3	configure-the-azurestorage-receiver-adapter-30f59b0
introduction-10dc4a3	configure-the-azurestorage-sender-adapter-d42134a
introduction-10dc4a3	configure-the-dropbox-receiver-adapter-16ef7b4
introduction-10dc4a3	configure-the-dropbox-sender-adapter-de61991
introduction-10dc4a3	configure-the-ftp-receiver-adapter-c16d331
introduction-10dc4a3	configure-the-ftp-sender-adapter-239042f
introduction-10dc4a3	configure-the-google-cloud-storage-receiver-adapter-5a8ddef
introduction-10dc4a3	configure-the-google-cloud-storage-sender-adapter-ec213ce
introduction-10dc4a3	configure-the-google-pub-sub-receiver-adapter-30df22d
introduction-10dc4a3	configure-the-google-pub-sub-sender-adapter-845ec21
introduction-10dc4a3	configure-the-ibm-mq-jms-receiver-adapter-029bc1b
introduction-10dc4a3	configure-the-ibm-mq-jms-sender-adapter-d655ab4
introduction-10dc4a3	configure-the-ibm-mq-rest-receiver-adapter-45610e7
introduction-10dc4a3	configure-the-ibm-mq-rest-sender-adapter-35cd02d
introduction-10dc4a3	configure-the-idoc-receiver-adapter-018aa88
introduction-10dc4a3	configure-the-idoc-sender-adapter-bf769d6
introduction-10dc4a3	configure-the-jms-receiver-adapter-79edc04
introduction-10dc4a3	configure-the-jms-sender-adapter-161791b
introduction-10dc4a3	configure-the-kafka-receiver-adapter-fc6ee1f
introduction-10dc4a3	configure-the-kafka-sender-adapter-0d849e5
introduction-10dc4a3	configure-the-mail-receiver-adapter-f68d5e0
introduction-10dc4a3	configure-the-microsoft-onedrive-receiver-adapter-4158749
introduction-10dc4a3	configure-the-microsoft-onedrive-sender-adapter-0724136
introduction-10dc4a3	configure-the-microsoft-sharepoint-receiver-adapter-b12b33a
introduction-10dc4a3	configure-the-microsoft-sharepoint-sender-adapter-ce41e85
introduction-10dc4a3	configure-the-odata-sender-adapter-de7aee5
introduction-10dc4a3	configure-the-odata-v2-receiver-adapter-c5c2e38
introduction-10dc4a3	configure-the-odata-v4-receiver-adapter-cd66a12
introduction-10dc4a3	configure-the-processdirect-receiver-adapter-5b7327d
introduction-10dc4a3	configure-the-processdirect-sender-adapter-e340d4c
introduction-10dc4a3	configure-the-rabbitmq-receiver-adapter-e9dfc37
introduction-10dc4a3	configure-the-rabbitmq-sender-adapter-4e3c554
introduction-10dc4a3	configure-the-salesforce-pub-sub-receiver-adapter-6862ff5
introduction-10dc4a3	configure-the-salesforce-pub-sub-sender-adapter-fdb114c
introduction-10dc4a3	configure-the-sftp-receiver-adapter-4ef52cf
introduction-10dc4a3	configure-the-sftp-sender-adapter-2de9ee5
introduction-10dc4a3	configure-the-slack-receiver-adapter-7c2ea64
introduction-10dc4a3	configure-the-slack-sender-adapter-1d93850
introduction-10dc4a3	configure-the-smb-receiver-adapter-ddd0d59
introduction-10dc4a3	configure-the-smb-sender-adapter-95bf6e9
introduction-10dc4a3	configure-the-soap-sap-rm-receiver-adapter-8366495
introduction-10dc4a3	configure-the-soap-sap-rm-sender-adapter-6962234
introduction-10dc4a3	configure-the-soap-soap-1-x-receiver-adapter-57f7b34
introduction-10dc4a3	configure-the-soap-soap-1-x-sender-adapter-a178913
introduction-10dc4a3	configure-the-splunk-receiver-adapter-e8e6ba6
introduction-10dc4a3	configure-the-splunk-sender-adapter-271ad20
introduction-10dc4a3	configure-the-successfactors-odata-v2-receiver-adapter-d16dd12
introduction-10dc4a3	configure-the-successfactors-rest-receiver-adapter-9cff562
introduction-10dc4a3	configure-the-successfactors-rest-sender-adapter-9f0646b
introduction-10dc4a3	configure-the-successfactors-soap-receiver-adapter-360ef42
introduction-10dc4a3	configure-the-successfactors-soap-sender-adapter-874e4b1
introduction-10dc4a3	configure-the-xi-receiver-adapter-5d2670f
introduction-10dc4a3	configure-the-xi-sender-adapter-41a1a57
introduction-10dc4a3	coupa-receiver-adapter-648ac01
introduction-10dc4a3	data-store-sender-adapter-4f5ef3f
introduction-10dc4a3	docusign-receiver-adapter-8f3c523
introduction-10dc4a3	elster-receiver-adapter-e374ef7
introduction-10dc4a3	facebook-receiver-adapter-3dcc408
introduction-10dc4a3	google-bigquery-receiver-adapter-722ed6c
introduction-10dc4a3	google-workspace-adapter-d15c6a5
introduction-10dc4a3	http-receiver-adapter-2da452e
introduction-10dc4a3	https-sender-adapter-0ae4a78
introduction-10dc4a3	hubspot-receiver-adapter-48cfaa8
introduction-10dc4a3	jdbc-for-db2-on-premise-9515cf8
introduction-10dc4a3	jdbc-for-microsoft-sql-server-cloud-4173d0a
introduction-10dc4a3	jdbc-for-microsoft-sql-server-on-premise-9745e40
introduction-10dc4a3	jdbc-for-oracle-cloud-f868182
introduction-10dc4a3	jdbc-for-oracle-on-premise-e6db38a
introduction-10dc4a3	jdbc-for-postgresql-cloud-4d5b488
introduction-10dc4a3	jdbc-for-sap-hana-cloud-187a8e8
introduction-10dc4a3	jdbc-for-sap-hana-platform-on-premise-ff29388
introduction-10dc4a3	jdbc-receiver-adapter-88be644
introduction-10dc4a3	jira-receiver-adapter-d15b560
introduction-10dc4a3	leanix-receiver-adapter-e49c1de
introduction-10dc4a3	mail-sender-for-imap-5b94e42
introduction-10dc4a3	mail-sender-for-pop3-c52a4da
introduction-10dc4a3	microsoft-dynamics-crm-receiver-adapter-ee724c8
introduction-10dc4a3	microsoft-outlook-receiver-adapter-0d61459
introduction-10dc4a3	microsoft-outlook-sender-adapter-47704aa
introduction-10dc4a3	microsoft-teams-receiver-adapter-1f333c3
introduction-10dc4a3	mongodb-receiver-adapter-58b75fc
introduction-10dc4a3	netsuite-receiver-adapter-618127a
introduction-10dc4a3	odc-receiver-adapter-3cdbc29
introduction-10dc4a3	openconnectors-receiver-adapter-1a27cee
introduction-10dc4a3	rfc-receiver-adapter-5c76048
introduction-10dc4a3	salesforce-receiver-adapter-a548be9
introduction-10dc4a3	salesforce-sender-adapter-ba6420d
introduction-10dc4a3	sap-master-data-integration-receiver-adapter-e91e373
introduction-10dc4a3	servicenow-receiver-adapter-1e3bcf4
introduction-10dc4a3	shopify-graphql-receiver-adapter-484c676
introduction-10dc4a3	shopify-rest-receiver-adapter-34865bc
introduction-10dc4a3	snowflake-receiver-adapter-1299e68
introduction-10dc4a3	successfactors-odata-v4-receiver-adapter-cd091fc
introduction-10dc4a3	sugarcrm-receiver-adapter-d96ddf7
introduction-10dc4a3	twilio-receiver-adapter-7445ab3
introduction-10dc4a3	twitter-receiver-adapter-453c174
introduction-10dc4a3	workday-receiver-adapter-0c6e670
introduction-10dc4a3	zendesk-receiver-adapter-01bd8bb
invalidate-cache-82fab59	key-value-map-operations-b72dc3f
invoke-an-api-artifact-by-obtaining-credentials-via-developer-hub-e79810f	discover-and-publish-apis-from-sap-integration-suite-81b3323
invoke-an-api-artifact-by-obtaining-credentials-via-developer-hub-e79810f	subscribe-to-a-product-to-consume-apis-and-events-in-an-application-f74f47d
invoke-an-mcp-server-artifact-by-obtaining-credentials-via-developer-hub-bffa481	discover-and-publish-apis-from-sap-integration-suite-81b3323
invoke-an-mcp-server-artifact-by-obtaining-credentials-via-developer-hub-bffa481	subscribe-to-a-product-to-consume-apis-and-events-in-an-application-f74f47d
invoke-the-api-endpoint-url-946b72a	invoke-an-api-artifact-by-obtaining-credentials-through-process-integration-runtime-b63baa2
invoke-the-api-endpoint-url-946b72a	invoke-an-api-artifact-by-obtaining-credentials-via-developer-hub-e79810f
invoke-the-mcp-server-endpoint-url-02b55b0	invoke-an-mcp-server-artifact-by-obtaining-credentials-through-process-integration-runtim-f3c6e2e
invoke-the-mcp-server-endpoint-url-02b55b0	invoke-an-mcp-server-artifact-by-obtaining-credentials-via-developer-hub-bffa481
jdbc-for-db2-on-premise-9515cf8	configure-jdbc-drivers-77c7d95
jdbc-for-db2-on-premise-9515cf8	managing-jdbc-data-sources-4c873fa
jdbc-for-mariadb-cloud-1d320d6	configure-jdbc-drivers-77c7d95
jdbc-for-mariadb-cloud-1d320d6	managing-jdbc-data-sources-4c873fa
jdbc-for-mariadb-on-premise-1cfb512	configure-jdbc-drivers-77c7d95
jdbc-for-mariadb-on-premise-1cfb512	managing-jdbc-data-sources-4c873fa
jdbc-for-microsoft-sql-server-cloud-4173d0a	configure-jdbc-drivers-77c7d95
jdbc-for-microsoft-sql-server-cloud-4173d0a	managing-jdbc-data-sources-4c873fa
jdbc-for-microsoft-sql-server-on-premise-9745e40	configure-jdbc-drivers-77c7d95
jdbc-for-microsoft-sql-server-on-premise-9745e40	managing-jdbc-data-sources-4c873fa
jdbc-for-oracle-cloud-f868182	configure-jdbc-drivers-77c7d95
jdbc-for-oracle-cloud-f868182	managing-jdbc-data-sources-4c873fa
jdbc-for-oracle-on-premise-e6db38a	configure-jdbc-drivers-77c7d95
jdbc-for-oracle-on-premise-e6db38a	managing-jdbc-data-sources-4c873fa
jdbc-for-postgres-on-premise-d31edb4	managing-jdbc-data-sources-4c873fa
jdbc-for-postgresql-cloud-4d5b488	managing-jdbc-data-sources-4c873fa
jdbc-for-sap-ase-platform-on-premise-dad011d	managing-jdbc-data-sources-4c873fa
jdbc-for-sap-ase-service-cloud-d96c7c5	managing-jdbc-data-sources-4c873fa
jdbc-for-sap-hana-cloud-187a8e8	managing-jdbc-data-sources-4c873fa
jdbc-for-sap-hana-platform-on-premise-ff29388	managing-jdbc-data-sources-4c873fa
jdbc-receiver-adapter-88be644	batch-payload-and-operation-760b267
jdbc-receiver-adapter-88be644	configure-jdbc-drivers-77c7d95
jdbc-receiver-adapter-88be644	jdbc-for-db2-on-premise-9515cf8
jdbc-receiver-adapter-88be644	jdbc-for-mariadb-cloud-1d320d6
jdbc-receiver-adapter-88be644	jdbc-for-mariadb-on-premise-1cfb512
jdbc-receiver-adapter-88be644	jdbc-for-microsoft-sql-server-cloud-4173d0a
jdbc-receiver-adapter-88be644	jdbc-for-microsoft-sql-server-on-premise-9745e40
jdbc-receiver-adapter-88be644	jdbc-for-oracle-cloud-f868182
jdbc-receiver-adapter-88be644	jdbc-for-oracle-on-premise-e6db38a
jdbc-receiver-adapter-88be644	jdbc-for-postgres-on-premise-d31edb4
jdbc-receiver-adapter-88be644	jdbc-for-postgresql-cloud-4d5b488
jdbc-receiver-adapter-88be644	jdbc-for-sap-ase-platform-on-premise-dad011d
jdbc-receiver-adapter-88be644	jdbc-for-sap-ase-service-cloud-d96c7c5
jdbc-receiver-adapter-88be644	jdbc-for-sap-hana-cloud-187a8e8
jdbc-receiver-adapter-88be644	jdbc-for-sap-hana-platform-on-premise-ff29388
jdbc-receiver-adapter-88be644	managing-jdbc-data-sources-4c873fa
jdbc-receiver-adapter-88be644	runtime-profiles-8007daa
jdbc-receiver-adapter-88be644	updating-your-existing-integration-flow-1f9e879
jira-receiver-adapter-d15b560	consuming-integration-adapters-from-sap-business-accelerator-hub-b9250fb
jms-adapter-0993f2a	jms-resource-limits-and-optimizing-their-usage-4857054
jms-resource-limits-and-optimizing-their-usage-4857054	headers-and-exchange-properties-provided-by-the-integration-framework-d0fcb09
jms-resource-limits-and-optimizing-their-usage-4857054	jms-resource-limits-for-edge-integration-cell-17366b3
jms-send-step-in-local-integration-process-a5644c8	splitter-with-multiple-receivers-jms-adapter-type-fc2755c
kafka-connectivity-tests-292ae03	configure-the-kafka-sender-adapter-0d849e5
keep-readability-in-mind-578fa77	apply-a-balanced-encapsulation-of-the-integration-logics-e010db3
keep-readability-in-mind-578fa77	consider-basic-layout-principles-32e4f6e
keep-readability-in-mind-578fa77	copying-the-integration-package-and-deploying-the-integration-flows-2cb1d31
keep-readability-in-mind-578fa77	externalize-volatile-configurations-300277d
keep-readability-in-mind-578fa77	naming-conventions-7c00e9b
key-personas-for-api-centric-integrations-73b3e92	activate-and-configure-the-api-management-capability-f6eb433
key-personas-for-api-centric-integrations-73b3e92	design-api-centric-integration-artifacts-94957bc
key-personas-for-api-centric-integrations-73b3e92	monitor-apis-and-mcp-servers-399b6c6
key-value-map-operations-b72dc3f	flow-variables-47f27da
keystore-b163513	client-certificate-authentication-outbound-c4e4a15
keystore-b163513	managing-keystore-entries-2dc8942
ldap-receiver-adapter-06a753f	overview-of-integration-flow-editor-db10beb
ldap-receiver-adapter-06a753f	runtime-profiles-8007daa
ldap-receiver-adapter-06a753f	updating-your-existing-integration-flow-1f9e879
leanix-receiver-adapter-e49c1de	consuming-integration-adapters-from-sap-business-accelerator-hub-b9250fb
learn-the-basics-ebc6034	access-headers-and-properties-4a03fcd
learn-the-basics-ebc6034	communication-between-integration-flows-ab5db7b
learn-the-basics-ebc6034	configure-adapters-d0a6bc8
learn-the-basics-ebc6034	content-transport-cb7d2f1
learn-the-basics-ebc6034	copying-the-integration-package-and-deploying-the-integration-flows-2cb1d31
learn-the-basics-ebc6034	decouple-processing-3ef92e4
learn-the-basics-ebc6034	delta-synchronization-012be7e
learn-the-basics-ebc6034	getting-started-0a80259
learn-the-basics-ebc6034	handle-exceptions-445a0c6
learn-the-basics-ebc6034	message-monitoring-8398448
learn-the-basics-ebc6034	modify-content-fc0d3c4
learn-the-basics-ebc6034	persistence-0c93d55
learn-the-basics-ebc6034	transfer-files-9bda753
limit-size-of-deployed-integration-content-417f82b	creating-message-mapping-as-an-artifact-1d52a7b
limit-size-of-deployed-integration-content-417f82b	handle-exceptions-in-dependent-integration-flows-simple-scenario-984e51a
limit-size-of-deployed-integration-content-417f82b	jms-send-step-in-local-integration-process-a5644c8
limit-size-of-deployed-integration-content-417f82b	outsource-integration-logic-into-separate-integration-flows-0bcf78d
limit-size-of-deployed-integration-content-417f82b	working-with-script-and-script-collection-e60f706
load-balancing-across-api-providers-7ac0c09	create-an-api-proxy-c0842d5
local-odata-api-access-for-edge-integration-cell-a17fa4d	message-processing-logs-827a2d7
local-odata-api-access-for-edge-integration-cell-a17fa4d	message-stores-1aab5e9
local-odata-api-access-for-edge-integration-cell-a17fa4d	operations-cockpit-api-da1abc0
log-level-configuration-for-analytics-5405323	monitor-apis-and-mcp-servers-399b6c6
mail-sender-for-imap-5b94e42	configure-the-mail-sender-adapter-e23e9cc
mail-sender-for-imap-5b94e42	overview-of-integration-flow-editor-db10beb
mail-sender-for-pop3-c52a4da	configure-the-mail-sender-adapter-e23e9cc
mail-sender-for-pop3-c52a4da	overview-of-integration-flow-editor-db10beb
maintaining-ssh-known-hosts-for-sftp-connectivity-514e383	ssh-connectivity-tests-da7dfd0
manage-access-ad1b441	assigning-role-collections-to-users-80bb02e
manage-content-4b89a8b	discover-and-publish-apis-from-business-systems-0cea56f
manage-domain-categories-bd9691d	managing-the-access-request-of-the-users-8b79ee8
manage-governance-settings-3c87658	manage-product-subscriptions-452fcef
manage-governance-settings-3c87658	managing-the-access-request-of-the-users-8b79ee8
manage-governance-settings-3c87658	restricting-access-to-api-products-using-custom-role-attribute-09fb892
manage-integration-content-09a7223	runtime-status-c14a7b1
manage-integration-content-09a7223	setting-log-levels-4e6d3fc
manage-notifications-df32457	managing-the-access-request-of-the-users-8b79ee8
manage-product-subscriptions-452fcef	configure-governance-settings-for-apis-and-events-7446560
manage-product-subscriptions-452fcef	setting-up-external-governance-8b4f848
manage-products-4dd3d90	updating-a-published-product-5cc1b23
manage-references-b5968b2	importing-mapping-content-from-es-repository-e18fc05
manage-references-b5968b2	upgrading-script-917e014
managing-access-policies-318d107	access-policies-e0009f3
managing-access-policies-318d107	access-policies-examples-f1dc1a7
managing-access-policies-318d107	creating-custom-roles-for-access-policies-7db3c87
managing-access-policies-318d107	defining-access-policies-b0d7950
managing-api-endpoints-ac794e4	api-providers-42e13b2
managing-api-endpoints-ac794e4	api-proxy-8962643
managing-api-endpoints-ac794e4	design-api-centric-integration-artifacts-94957bc
managing-api-endpoints-ac794e4	externally-managed-apis-848015d
managing-api-endpoints-ac794e4	policies-7e4f3e5
managing-cluster-lock-in-custom-adapters-b0106a1	adapter-development-prerequisites-5638d4a
managing-cluster-lock-in-custom-adapters-b0106a1	sdk-api-c5c7933
managing-data-stores-ac39f1d	message-stores-1aab5e9
managing-jdbc-data-sources-4c873fa	jdbc-receiver-adapter-88be644
managing-keystore-entries-2dc8942	backing-up-keystore-entries-b8e03b7
managing-keystore-entries-2dc8942	changing-the-alias-of-a-keystore-entry-72b0f88
managing-keystore-entries-2dc8942	creating-a-key-pair-ssh-key-pair-b8a8601
managing-keystore-entries-2dc8942	deleting-keystore-entries-a483eef
managing-keystore-entries-2dc8942	downloading-a-keystore-c6b910b
managing-keystore-entries-2dc8942	downloading-backed-up-keystore-entries-3a67f8a
managing-keystore-entries-2dc8942	downloading-single-keystore-entries-ca8a663
managing-keystore-entries-2dc8942	keystore-b163513
managing-keystore-entries-2dc8942	managing-security-material-b8ccb53
managing-keystore-entries-2dc8942	restoring-backed-up-keystore-entries-bfbbf91
managing-keystore-entries-2dc8942	updating-a-certificate-1fa04fa
managing-keystore-entries-2dc8942	updating-a-key-pair-4ceda24
managing-keystore-entries-2dc8942	updating-a-key-pair-with-a-signing-response-4242f01
managing-keystore-entries-2dc8942	updating-an-rsa-key-ee6bf92
managing-keystore-entries-2dc8942	uploading-a-certificate-03cf78a
managing-keystore-entries-2dc8942	uploading-a-key-pair-083911e
managing-keystore-entries-2dc8942	uploading-a-keystore-0db193a
managing-keystore-entries-2dc8942	uploading-an-rsa-key-b8ba4a3
managing-keystore-entries-2dc8942	uploading-an-ssh-key-8bf9ae4
managing-message-queues-cdcce24	checking-jms-resources-6a9c030
managing-message-queues-cdcce24	configure-the-as2-sender-adapter-5d7ee17
managing-message-queues-cdcce24	configure-the-jms-receiver-adapter-79edc04
managing-message-queues-cdcce24	configure-the-jms-sender-adapter-161791b
managing-message-queues-cdcce24	configure-the-xi-receiver-adapter-5d2670f
managing-message-queues-cdcce24	configure-the-xi-sender-adapter-41a1a57
managing-message-queues-cdcce24	managing-messages-stored-in-queues-6733197
managing-message-queues-cdcce24	managing-queues-f116962
managing-messages-stored-in-queues-6733197	monitor-message-processing-314df3f
managing-partner-directory-entries-3d6eee7	add-partner-414b97d
managing-partner-directory-entries-3d6eee7	copy-partner-entity-d110a04
managing-partner-directory-entries-3d6eee7	create-partner-directory-entity-f41418f
managing-partner-directory-entries-3d6eee7	delete-partner-83a9bfd
managing-partner-directory-entries-3d6eee7	delete-partner-entity-25aed52
managing-partner-directory-entries-3d6eee7	edit-partner-entity-858af76
managing-partner-directory-entries-3d6eee7	parameterizing-integration-flows-using-the-partner-directory-b7812a5
managing-partner-directory-entries-3d6eee7	partner-directory-0fe80dc
managing-partner-directory-entries-3d6eee7	partner-directory-entity-types-950f4b2
managing-partner-directory-entries-3d6eee7	use-the-partner-directory-appropriately-6e00412
managing-pgp-keys-cd478a7	deploying-a-pgp-public-keyring-7f04458
managing-pgp-keys-cd478a7	deploying-a-pgp-secret-keyring-9d8e1a9
managing-pgp-keys-cd478a7	displaying-properties-of-a-pgp-key-13b3dc9
managing-queues-f116962	jms-resource-limits-and-optimizing-their-usage-4857054
managing-security-material-b8ccb53	managing-keystore-entries-2dc8942
managing-security-material-b8ccb53	managing-pgp-keys-cd478a7
managing-user-roles-4e86f0d	creating-service-instance-and-service-key-for-inbound-authentication-19af5e2
managing-variables-ca93653	tasks-and-permissions-for-cloud-integration-556d557
mapping-extension-step-by-step-demo-example-2c3a543	creating-the-custom-integration-flow-with-the-post-exit-mapping-988e5e3
mapping-extension-step-by-step-demo-example-2c3a543	creating-the-standard-integration-flow-4da82ad
mapping-extension-step-by-step-demo-example-2c3a543	executing-the-scenario-909ec34
mapping-extension-step-by-step-demo-example-2c3a543	integration-flow-extension-concepts-41b238c
mapping-extension-step-by-step-demo-example-2c3a543	mapping-extension-step-by-step-example-from-sap-hybris-c4c-7749fb7
mapping-extension-step-by-step-demo-example-2c3a543	post-exit-mapping-0f17497
mapping-extension-step-by-step-demo-example-2c3a543	soap-sender-adapter-example-integration-flow-ad2409e
mapping-extension-step-by-step-demo-example-2c3a543	standard-mapping-56c3bf5
mapping-extension-step-by-step-example-from-sap-hybris-c4c-7749fb7	integration-flow-extension-concepts-41b238c
mapping-flow-step-e6b35d1	create-xslt-mapping-5ce1f15
mapping-flow-step-e6b35d1	creating-message-mapping-as-a-flow-step-3d5cb7f
mapping-flow-step-e6b35d1	define-id-mapping-2367101
mapping-flow-step-e6b35d1	operation-mapping-05b9569
master-data-update-with-jms-send-steps-1c3e583	master-data-update-with-xi-send-steps-5fb0541
mcp-server-9eb9239	how-model-context-protocol-mcp-server-enables-ai-integration-572e7fd
mcp-server-charts-c2f3acc	applying-chart-filters-a928a03
message-filter-bd52346	variant-ignore-4998bd8
message-mapping-ec59f97	copying-the-integration-package-and-deploying-the-integration-flows-2cb1d31
message-mapping-ec59f97	set-the-mapping-context-7a238c0
message-mapping-ec59f97	use-a-message-mapping-to-map-xml-to-json-fb7c1df
message-monitoring-8398448	guidelines-and-best-practices-for-message-monitoring-6f598b4
message-persistence-flow-steps-e18e75a	define-data-store-delete-operations-5efa3ac
message-persistence-flow-steps-e18e75a	define-data-store-get-operations-232ac46
message-persistence-flow-steps-e18e75a	define-data-store-select-operations-8cfe004
message-persistence-flow-steps-e18e75a	define-data-store-write-operations-46260ee
message-persistence-flow-steps-e18e75a	define-write-variables-de04b75
message-persistence-flow-steps-e18e75a	persist-messages-8c35f3f
message-processing-log-b32f8cd	tracing-the-execution-of-an-integration-flow-4ec27d3
message-processing-logs-827a2d7	archiving-data-bc71f88
message-processing-logs-827a2d7	define-aggregator-aa23816
message-processing-logs-827a2d7	external-logging-ad719c1
message-processing-logs-827a2d7	ftp-adapter-4464f89
message-processing-logs-827a2d7	http-calls-and-uri-components-ca75e12
message-processing-logs-827a2d7	jms-adapter-0993f2a
message-processing-logs-827a2d7	message-processing-log-b32f8cd
message-processing-logs-827a2d7	message-processing-logs-example-requests-27bc167
message-processing-logs-827a2d7	message-status-733a57b
message-processing-logs-827a2d7	monitor-message-processing-314df3f
message-processing-logs-827a2d7	query-options-99f4b70
message-processing-logs-827a2d7	setting-up-inbound-http-connections-for-api-clients-8db3d51
message-processing-logs-827a2d7	sftp-adapter-e3dce88
message-processing-logs-827a2d7	tasks-and-permissions-for-cloud-integration-556d557
message-processing-logs-827a2d7	use-custom-header-properties-to-search-for-message-processing-logs-d4b5839
message-processing-logs-827a2d7	xi-adapter-8fedc92
message-processing-logs-example-requests-27bc167	get-custom-header-properties-b90b0b5
message-processing-logs-example-requests-27bc167	get-message-processing-logs-for-a-dedicated-time-period-71cb264
message-stores-1aab5e9	as2-adapter-d3af635
message-stores-1aab5e9	data-store-example-requests-e88d7d2
message-stores-1aab5e9	define-data-store-write-operations-46260ee
message-stores-1aab5e9	define-write-variables-de04b75
message-stores-1aab5e9	http-calls-and-uri-components-ca75e12
message-stores-1aab5e9	jms-adapter-0993f2a
message-stores-1aab5e9	jms-resources-example-requests-c6c00d5
message-stores-1aab5e9	managing-number-ranges-b6e17fa
message-stores-1aab5e9	message-stores-example-requests-02c57df
message-stores-1aab5e9	persist-messages-8c35f3f
message-stores-1aab5e9	query-options-99f4b70
message-stores-1aab5e9	setting-up-inbound-http-connections-for-api-clients-8db3d51
message-stores-1aab5e9	tasks-and-permissions-for-cloud-integration-556d557
message-stores-1aab5e9	using-data-storage-features-when-designing-integration-flows-a836b4e
message-stores-1aab5e9	xi-adapter-8fedc92
message-stores-example-requests-02c57df	add-a-number-ranges-object-b1bd945
message-stores-example-requests-02c57df	get-message-store-entry-properties-a43d59e
message-stores-example-requests-02c57df	update-a-number-ranges-object-139a6b2
message-transformer-flow-steps-01de28e	configure-csv-to-xml-converter-fe33888
message-transformer-flow-steps-01de28e	configure-xml-to-csv-converter-9025222
message-transformer-flow-steps-01de28e	define-a-decoder-c95697a
message-transformer-flow-steps-01de28e	define-a-local-script-step-03b32eb
message-transformer-flow-steps-01de28e	define-a-mime-multipart-encoder-8c12a8e
message-transformer-flow-steps-01de28e	define-an-encoder-89f8bdd
message-transformer-flow-steps-01de28e	define-content-modifier-8f04a70
message-transformer-flow-steps-01de28e	define-edi-extractor-5fc2323
message-transformer-flow-steps-01de28e	define-edi-to-xml-converter-6a3d12b
message-transformer-flow-steps-01de28e	define-filter-733f8dc
message-transformer-flow-steps-01de28e	define-json-to-xml-converter-5a7c0cd
message-transformer-flow-steps-01de28e	define-message-digest-e5d2867
message-transformer-flow-steps-01de28e	define-xml-modifier-af16d64
message-transformer-flow-steps-01de28e	define-xml-to-edi-converter-707973f
message-transformer-flow-steps-01de28e	define-xml-to-json-converter-a60a282
message-transformer-flow-steps-01de28e	use-scripting-appropriately-d4dc13c
microsoft-dynamics-crm-receiver-adapter-ee724c8	runtime-profiles-8007daa
microsoft-dynamics-crm-receiver-adapter-ee724c8	updating-your-existing-integration-flow-1f9e879
microsoft-onedrive-adapter-dbbaf69	consuming-integration-adapters-from-sap-business-accelerator-hub-b9250fb
microsoft-onenote-receiver-adapter-4ecc717	consuming-integration-adapters-from-sap-business-accelerator-hub-b9250fb
microsoft-onenote-receiver-adapter-4ecc717	define-content-modifier-8f04a70
microsoft-outlook-adapter-7d148b0	consuming-integration-adapters-from-sap-business-accelerator-hub-b9250fb
microsoft-sharepoint-adapter-c943b90	consuming-integration-adapters-from-sap-business-accelerator-hub-b9250fb
migrate-integration-objects-from-sap-process-orchestration-and-sap-process-integration-7e7909e	migration-approaches-9ddb257
migrate-integration-objects-from-sap-process-orchestration-and-sap-process-integration-7e7909e	migration-patterns-40c080f
migrate-integration-objects-from-sap-process-orchestration-and-sap-process-integration-7e7909e	migration-tooling-6061016
migrating-api-management-from-neo-to-the-multi-cloud-foundation-92f2da1	clone-api-management-content-7abd887
migrating-api-management-from-neo-to-the-multi-cloud-foundation-92f2da1	post-cloning-tasks-116d82c
migrating-api-management-from-neo-to-the-multi-cloud-foundation-92f2da1	prerequisites-c1904bc
migrating-api-management-subscription-created-using-the-starter-plan-service-instance-9778a36	clone-api-management-content-7abd887
migrating-api-management-subscription-created-using-the-starter-plan-service-instance-9778a36	cloned-and-uncloned-entities-8973ca0
migrating-api-management-subscription-created-using-the-starter-plan-service-instance-9778a36	post-cloning-tasks-116d82c
migrating-api-management-subscription-created-using-the-starter-plan-service-instance-9778a36	prerequisites-c1904bc
migrating-api-management-subscription-created-using-the-starter-plan-service-instance-9778a36	recommendations-ff61cef
migrating-api-management-subscription-created-using-the-starter-plan-service-instance-9778a36	security-features-of-the-tenant-cloning-tool-a6969cc
migrating-api-management-subscription-created-using-the-starter-plan-service-instance-9778a36	tenant-cloning-tool-behavior-6d15ffd
migrating-api-management-subscription-created-using-the-starter-plan-service-instance-to-1f4ed86	clone-api-management-content-7abd887
migrating-api-management-subscription-created-using-the-starter-plan-service-instance-to-1f4ed86	cloned-and-uncloned-entities-8973ca0
migrating-api-management-subscription-created-using-the-starter-plan-service-instance-to-1f4ed86	post-cloning-tasks-116d82c
migrating-api-management-subscription-created-using-the-starter-plan-service-instance-to-1f4ed86	prerequisites-c1904bc
migrating-api-management-subscription-created-using-the-starter-plan-service-instance-to-1f4ed86	recommendations-ff61cef
migrating-api-management-subscription-created-using-the-starter-plan-service-instance-to-1f4ed86	security-features-of-the-tenant-cloning-tool-a6969cc
migrating-api-management-subscription-created-using-the-starter-plan-service-instance-to-1f4ed86	tenant-cloning-tool-behavior-6d15ffd
migration-of-api-management-content-d66b3e5	migrating-api-management-from-neo-to-the-multi-cloud-foundation-92f2da1
migration-of-api-management-content-d66b3e5	migrating-api-management-subscription-created-using-the-starter-plan-service-instance-9778a36
migration-of-api-management-content-d66b3e5	migrating-api-management-subscription-created-using-the-starter-plan-service-instance-to-1f4ed86
migration-of-api-management-content-d66b3e5	migration-of-api-management-content-between-cloud-foundry-environments-17f09f3
mime-multipart-encoder-handling-message-headers-examples-b446281	example-scenario-with-mime-multipart-encoder-decoder-80baed3
modify-an-openapi-specification-using-the-code-editor-4923e5e	adding-input-parameters-headers-and-queries-d460d43
modify-an-openapi-specification-using-the-code-editor-4923e5e	adding-responses-ea40cd7
modify-an-openapi-specification-using-the-code-editor-4923e5e	adding-security-definitions-092f7f2
modify-an-openapi-specification-using-the-code-editor-4923e5e	additional-attributes-in-openapi-specification-35f357c
modify-an-openapi-specification-using-the-visual-editor-f3c95cd	creating-an-api-artifact-c2fe62c
modifying-successfactors-soap-entity-and-operation-a6ee603	deploying-an-oauth2-saml-bearer-assertion-3ee6582
monetize-49b7841	monetize-apis-fcdc89b
monetize-apis-fcdc89b	billing-service-1e20fb5
monetize-apis-fcdc89b	create-or-update-or-read-an-application-using-subscription-key-e2645b5
monetize-apis-fcdc89b	rate-plan-service-f4537ce
mongodb-receiver-adapter-58b75fc	consuming-integration-adapters-from-sap-business-accelerator-hub-b9250fb
monitor-apis-and-mcp-servers-399b6c6	access-logs-c1649cd
monitor-apis-and-mcp-servers-399b6c6	access-management-for-api-artifact-2a89115
monitor-apis-and-mcp-servers-399b6c6	designtime-artifact-locks-5b3ecb8
monitor-apis-and-mcp-servers-399b6c6	manage-integration-content-09a7223
monitor-apis-and-mcp-servers-399b6c6	managing-data-stores-ac39f1d
monitor-apis-and-mcp-servers-399b6c6	managing-jdbc-material-32ee7cd
monitor-apis-and-mcp-servers-399b6c6	managing-user-roles-4e86f0d
monitor-apis-and-mcp-servers-399b6c6	managing-variables-ca93653
monitor-apis-and-mcp-servers-399b6c6	message-locks-bce9ae0
monitor-apis-and-mcp-servers-399b6c6	monitor-message-processing-314df3f
monitor-apis-and-mcp-servers-399b6c6	monitor-message-status-overview-0cde046
monitor-apis-and-mcp-servers-399b6c6	performing-connectivity-tests-d5b2fae
monitor-apis-and-mcp-servers-399b6c6	runtime-status-c14a7b1
monitor-apis-and-mcp-servers-399b6c6	virtual-hosts-in-integration-cell-dd401ec
monitor-message-processing-314df3f	manage-integration-content-09a7223
monitor-message-processing-314df3f	message-processing-log-b32f8cd
monitor-message-processing-314df3f	message-processing-log-text-view-718309a
monitor-message-processing-314df3f	message-status-733a57b
monitor-message-processing-314df3f	monitor-message-status-overview-0cde046
monitor-message-processing-314df3f	use-custom-header-properties-to-search-for-message-processing-logs-d4b5839
monitor-message-processing-314df3f	using-additional-filter-criteria-6891f9e
monitor-message-processing-314df3f	using-ids-to-filter-messages-a820752
monitor-message-status-overview-0cde046	message-status-733a57b
monitor-the-health-of-certificates-using-sap-cloud-alm-7bd9d9f	centralized-developer-hub-38422de
monitor-with-ai-0f656c7	ai-assisted-error-resolution-f27f95d
monitoring-scenarios-that-include-message-queues-35c4caf	configure-the-jms-sender-adapter-161791b
monitoring-scenarios-that-include-message-queues-35c4caf	managing-queues-f116962
monitoring-scenarios-that-include-message-queues-35c4caf	quality-of-service-exactly-once-f96cf27
naming-conventions-7c00e9b	about-headers-and-exchange-properties-0974c4f
naming-conventions-7c00e9b	configure-adapter-in-communication-channels-1f06633
naming-conventions-7c00e9b	creating-a-script-collection-824bff0
naming-conventions-7c00e9b	creating-an-integration-package-9126d79
naming-conventions-7c00e9b	creating-custom-roles-for-access-policies-7db3c87
naming-conventions-7c00e9b	creating-value-mapping-25eff9b
naming-conventions-7c00e9b	define-a-local-script-step-03b32eb
naming-conventions-7c00e9b	develop-api-based-integration-artifacts-997501d
naming-conventions-7c00e9b	elements-of-an-integration-flow-e49dbee
naming-conventions-7c00e9b	managing-jdbc-data-sources-4c873fa
naming-conventions-7c00e9b	managing-message-queues-cdcce24
naming-conventions-7c00e9b	managing-user-roles-4e86f0d
naming-conventions-7c00e9b	working-with-mapping-68d816a
netsuite-receiver-adapter-618127a	consuming-integration-adapters-from-sap-business-accelerator-hub-b9250fb
oauth-2-0-3823134	deploying-an-oauth2-authorization-code-081bfd7
oauth-2-0-3823134	deploying-an-oauth2-client-authorization-code-with-generic-provider-72c8fa7
oauth-2-0-3823134	deploying-an-oauth2-client-credentials-artifact-801b106
oauth-2-0-3823134	deploying-an-oauth2-saml-bearer-assertion-3ee6582
oauth-authentication-with-client-credentials-grant-inbound-b9df724	api-details-014d6ad
oauth-authentication-with-client-credentials-grant-inbound-b9df724	oauth-with-client-credentials-grant-for-api-clients-20e26a8
oauth-authentication-with-client-credentials-grant-inbound-b9df724	oauth-with-client-credentials-grant-for-integration-flow-processing-6c052ce
oauth-v2-0-09b5abb	non-rfc-compliant-behavior-oauthv2-policy-7a98cc9
oauth-v2-0-09b5abb	third-party-oauth-token-usage-cccc881
oauth-with-client-credentials-grant-for-api-clients-20e26a8	creating-service-instance-and-service-key-for-inbound-authentication-19af5e2
oauth-with-client-credentials-grant-for-api-clients-20e26a8	http-calls-and-uri-components-ca75e12
oauth-with-client-credentials-grant-for-api-clients-20e26a8	load-balancer-root-certificates-supported-by-sap-4509f60
oauth-with-client-credentials-grant-for-api-clients-20e26a8	oauth-authentication-with-client-credentials-grant-inbound-b9df724
oauth-with-client-credentials-grant-for-api-clients-20e26a8	odata-api-a617d6f
oauth-with-client-credentials-grant-for-api-clients-20e26a8	tasks-and-permissions-for-cloud-integration-556d557
oauth-with-client-credentials-grant-for-integration-flow-processing-6c052ce	client-certificate-authentication-for-integration-flow-processing-7f84d16
oauth-with-client-credentials-grant-for-integration-flow-processing-6c052ce	creating-service-instance-and-service-key-for-inbound-authentication-19af5e2
oauth-with-client-credentials-grant-for-integration-flow-processing-6c052ce	load-balancer-root-certificates-supported-by-sap-4509f60
oauth-with-client-credentials-grant-for-integration-flow-processing-6c052ce	managing-user-roles-4e86f0d
oauth-with-client-credentials-grant-for-integration-flow-processing-6c052ce	oauth-authentication-with-client-credentials-grant-inbound-b9df724
oauth-with-client-credentials-grant-for-integration-flow-processing-6c052ce	service-key-types-0fc1446
oauth-with-client-credentials-grant-for-integration-flow-processing-6c052ce	using-the-connectivity-test-to-get-the-load-balancer-server-root-certificate-5d6cbf4
odata-adapter-2d82511	configure-the-odata-sender-adapter-de7aee5
odata-api-a617d6f	http-calls-and-uri-components-ca75e12
odata-api-a617d6f	integration-content-d1679a8
odata-api-a617d6f	message-processing-logs-827a2d7
odata-api-a617d6f	message-stores-1aab5e9
odata-api-a617d6f	operations-cockpit-api-da1abc0
odata-api-a617d6f	partner-directory-0fe80dc
odata-api-a617d6f	security-content-e01d3f0
odata-api-a617d6f	tasks-and-permissions-for-cloud-integration-556d557
odc-receiver-adapter-3cdbc29	overview-of-integration-flow-editor-db10beb
odc-receiver-adapter-3cdbc29	runtime-profiles-8007daa
odc-receiver-adapter-3cdbc29	updating-your-existing-integration-flow-1f9e879
oftp-adapter-for-edge-integration-cell-04b392f	configure-the-oftp-receiver-adapter-8a6b283
oftp-adapter-for-edge-integration-cell-04b392f	configure-the-oftp-sender-adapter-3420f2a
oftp-adapter-for-edge-integration-cell-04b392f	managing-keystore-entries-2dc8942
onboarding-an-application-developer-786d107	managing-the-access-request-of-the-users-8b79ee8
onboarding-an-application-developer-786d107	registering-on-developer-hub-c85fafe
openapi-specification-3-0-3ce080d	create-an-api-proxy-using-the-api-designer-26e1bbd
openapi-specification-3-0-3ce080d	import-an-api-definition-9342a93
openconnectors-receiver-adapter-1a27cee	deploying-a-user-credentials-artifact-6912d63
openconnectors-receiver-adapter-1a27cee	overview-of-integration-flow-editor-db10beb
openconnectors-receiver-adapter-1a27cee	runtime-profiles-8007daa
openconnectors-receiver-adapter-1a27cee	updating-your-existing-integration-flow-1f9e879
operation-mapping-05b9569	importing-mapping-content-from-es-repository-e18fc05
operations-cockpit-api-da1abc0	basic-authentication-with-clientid-and-clientsecret-for-api-clients-db55f0d
optimize-groovy-scripts-with-ai-3b7a5a1	artificial-intelligence-6a6727c
optimize-integration-flow-design-for-streaming-396941a	define-general-splitter-a6c1916
optimize-integration-flow-design-for-streaming-396941a	define-iterating-splitter-d61d6ec
optimize-integration-flow-design-for-streaming-396941a	define-xml-to-json-converter-a60a282
optimize-integration-flow-design-for-streaming-396941a	inspect-temporary-storage-7cdfaa7
optimize-integration-flow-design-for-streaming-396941a	system-scope-for-cloud-integration-8ea3822
optimize-memory-footprint-dc24074	optimize-integration-flow-design-for-streaming-396941a
optimize-performance-491c80d	optimize-memory-footprint-dc24074
optimize-performance-491c80d	perform-odata-batch-requests-b0372d4
optimize-performance-491c80d	specify-proper-session-handling-06a28e0
outbound-on-premise-reverse-proxy-or-sap-cloud-connector-14567e1	outbound-sap-cloud-connector-642e87f
outbound-sap-cloud-connector-642e87f	using-sap-cloud-connector-with-cloud-integration-adapters-65a60e7
outsource-exception-handling-into-a-separate-integration-flow-7f3bb85	handle-exceptions-ca95c61
outsource-integration-logic-into-separate-integration-flows-0bcf78d	encode-dynamic-parameters-d278350
outsource-integration-logic-into-separate-integration-flows-0bcf78d	webshop-example-application-767d8ef
overview-of-integration-flow-editor-db10beb	assign-sender-and-receiver-components-f0eb056
overview-of-integration-flow-editor-db10beb	configure-integration-flow-components-3171795
overview-of-integration-flow-editor-db10beb	configure-simulation-45a71f8
overview-of-integration-flow-editor-db10beb	define-call-steps-376619d
overview-of-integration-flow-editor-db10beb	define-events-4c33ae8
overview-of-integration-flow-editor-db10beb	define-message-persistence-steps-cd48445
overview-of-integration-flow-editor-db10beb	define-message-transformer-steps-e223071
overview-of-integration-flow-editor-db10beb	define-process-shapes-b573574
overview-of-integration-flow-editor-db10beb	define-routing-steps-ad0a19a
overview-of-integration-flow-editor-db10beb	define-security-related-steps-0f71687
overview-of-integration-flow-editor-db10beb	define-settings-for-the-integration-flow-3a6446c
overview-of-integration-flow-editor-db10beb	define-validator-steps-20e23e7
overview-of-integration-flow-editor-db10beb	simulation-of-an-integration-flow-2e2210b
overview-of-integration-flow-editor-db10beb	working-with-mapping-68d816a
parameterizing-integration-flows-using-the-partner-directory-b7812a5	managing-partner-directory-entries-3d6eee7
parameterizing-integration-flows-using-the-partner-directory-b7812a5	parameterizable-integration-flow-components-1aa4ba7
parameterizing-integration-flows-using-the-partner-directory-b7812a5	partner-directory-0fe80dc
parameterizing-integration-flows-using-the-partner-directory-b7812a5	partner-directory-concepts-f917d6e
parameterizing-integration-flows-using-the-partner-directory-b7812a5	use-the-partner-directory-appropriately-6e00412
parameters-that-support-dynamic-configuration-c9bba0e	configure-the-ftp-receiver-adapter-c16d331
parameters-that-support-dynamic-configuration-c9bba0e	configure-the-idoc-receiver-adapter-018aa88
parameters-that-support-dynamic-configuration-c9bba0e	configure-the-kafka-receiver-adapter-fc6ee1f
parameters-that-support-dynamic-configuration-c9bba0e	configure-the-mail-receiver-adapter-f68d5e0
parameters-that-support-dynamic-configuration-c9bba0e	configure-the-mail-sender-adapter-e23e9cc
parameters-that-support-dynamic-configuration-c9bba0e	configure-the-odata-v2-receiver-adapter-c5c2e38
parameters-that-support-dynamic-configuration-c9bba0e	configure-the-odata-v4-receiver-adapter-cd66a12
parameters-that-support-dynamic-configuration-c9bba0e	configure-the-processdirect-receiver-adapter-5b7327d
parameters-that-support-dynamic-configuration-c9bba0e	configure-the-sftp-receiver-adapter-4ef52cf
parameters-that-support-dynamic-configuration-c9bba0e	configure-the-sftp-sender-adapter-2de9ee5
parameters-that-support-dynamic-configuration-c9bba0e	configure-the-soap-sap-rm-receiver-adapter-8366495
parameters-that-support-dynamic-configuration-c9bba0e	configure-the-soap-soap-1-x-receiver-adapter-57f7b34
parameters-that-support-dynamic-configuration-c9bba0e	configure-the-soap-soap-1-x-sender-adapter-a178913
parameters-that-support-dynamic-configuration-c9bba0e	configure-the-xi-receiver-adapter-5d2670f
parameters-that-support-dynamic-configuration-c9bba0e	define-data-store-delete-operations-5efa3ac
parameters-that-support-dynamic-configuration-c9bba0e	define-data-store-get-operations-232ac46
parameters-that-support-dynamic-configuration-c9bba0e	define-data-store-select-operations-8cfe004
parameters-that-support-dynamic-configuration-c9bba0e	define-data-store-write-operations-46260ee
parameters-that-support-dynamic-configuration-c9bba0e	define-pgp-decryptor-d0dc511
parameters-that-support-dynamic-configuration-c9bba0e	define-pgp-encryptor-7a07766
parameters-that-support-dynamic-configuration-c9bba0e	dynamic-parameters-example-5705f2b
parameters-that-support-dynamic-configuration-c9bba0e	elster-receiver-adapter-e374ef7
parameters-that-support-dynamic-configuration-c9bba0e	http-receiver-adapter-2da452e
parameters-that-support-dynamic-configuration-c9bba0e	rfc-receiver-adapter-5c76048
parameters-that-support-dynamic-configuration-c9bba0e	sign-the-message-content-with-simple-signer-9879fc3
parameters-that-support-dynamic-configuration-c9bba0e	sign-the-message-content-with-xml-digital-signature-9a013db
parse-json-af0da64	webshop-example-application-767d8ef
participant-flow-step-52c4e0f	assign-sender-and-receiver-components-f0eb056
partner-directory-0fe80dc	http-calls-and-uri-components-ca75e12
partner-directory-0fe80dc	partner-directory-concepts-f917d6e
partner-directory-0fe80dc	partner-directory-entity-types-950f4b2
partner-directory-0fe80dc	partner-directory-example-requests-30e9cd6
partner-directory-0fe80dc	permissions-eaa8779
partner-directory-0fe80dc	query-options-99f4b70
partner-directory-0fe80dc	sdk-api-c5c7933
partner-directory-0fe80dc	setting-up-inbound-http-connections-for-api-clients-8db3d51
partner-directory-example-requests-30e9cd6	create-alternative-partner-7e6baf3
partner-directory-example-requests-30e9cd6	get-alternative-partner-by-key-fields-b8bd3fb
partner-directory-example-requests-30e9cd6	get-alternative-partners-filter-with-select-ce79cf7
partner-directory-example-requests-30e9cd6	mass-create-change-delete-operations-in-one-transaction-for-stringparameter-binaryparamet-fe81049
partner-directory-example-requests-30e9cd6	requests-for-string-parameter-binary-parameter-and-authorized-user-47b6999
partner-directory-example-requests-30e9cd6	requests-for-usercredentialparameter-79c06dd
partner-directory-example-requests-30e9cd6	update-an-alternative-partner-60d19e3
perform-odata-batch-requests-b0372d4	configure-the-odata-v2-receiver-adapter-c5c2e38
permissions-eaa8779	personas-for-cloud-integration-2937e5c
permissions-eaa8779	tasks-and-permissions-for-cloud-integration-556d557
persist-messages-8c35f3f	message-processing-log-b32f8cd
persist-messages-8c35f3f	message-stores-1aab5e9
persist-messages-8c35f3f	use-the-persist-step-2707077
persist-messages-8c35f3f	using-data-storage-features-when-designing-integration-flows-a836b4e
persistence-0c93d55	copying-the-integration-package-and-deploying-the-integration-flows-2cb1d31
persistence-0c93d55	store-retrieve-messages-in-from-the-data-store-604f7b1
persistence-0c93d55	use-the-persist-step-2707077
personas-for-cloud-integration-2937e5c	basic-authentication-of-idp-user-for-integration-flow-processing-5d46e56
personas-for-cloud-integration-2937e5c	basic-authentication-with-clientid-and-clientsecret-for-integration-flow-processing-647eeb3
personas-for-cloud-integration-2937e5c	client-certificate-authentication-for-integration-flow-processing-7f84d16
personas-for-cloud-integration-2937e5c	oauth-with-client-credentials-grant-for-integration-flow-processing-6c052ce
pipeline-approach-efc40f8	configure-the-jms-receiver-adapter-79edc04
pipeline-approach-efc40f8	configuring-connectivity-to-an-sap-process-orchestration-system-8c36fd2
pipeline-approach-efc40f8	creating-an-integration-package-9126d79
pipeline-approach-efc40f8	creating-and-modifying-rfc-destination-3b55fa7
pipeline-approach-efc40f8	creating-message-mapping-as-an-artifact-1d52a7b
pipeline-approach-efc40f8	define-idempotent-process-call-84c85d7
pipeline-approach-efc40f8	integration-content-migration-agent-28a8698
pipeline-approach-efc40f8	known-limitations-of-migration-tooling-7a552d4
pipeline-approach-efc40f8	managing-jdbc-data-sources-4c873fa
pipeline-approach-efc40f8	managing-message-queues-cdcce24
pipeline-approach-efc40f8	managing-partner-directory-entries-3d6eee7
pipeline-approach-efc40f8	migration-approaches-9ddb257
pipeline-approach-efc40f8	personas-for-cloud-integration-2937e5c
pipeline-approach-efc40f8	run-an-integration-flow-under-well-defined-boundary-conditions-f8cf974
pipeline-approach-efc40f8	supported-patterns-ad867ae
pipeline-approach-efc40f8	working-with-prepackaged-integration-content-bd2ed3e
policies-7e4f3e5	flow-08b40d9
policies-7e4f3e5	policy-types-c918e28
poll-and-merge-folder-497bf08	define-poll-enrich-f8c8c1d
poll-and-merge-folder-497bf08	sftp-adapter-e3dce88
poll-file-by-done-file-800de6e	configure-externalized-parameters-of-an-integration-flow-462a478
poll-file-by-done-file-800de6e	sftp-adapter-e3dce88
poll-folder-by-fixed-done-file-0041751	configure-externalized-parameters-of-an-integration-flow-462a478
poll-folder-by-fixed-done-file-0041751	sftp-adapter-e3dce88
post-cloning-tasks-116d82c	cloned-and-uncloned-entities-8973ca0
post-cloning-tasks-116d82c	configuring-additional-virtual-host-in-cloud-foundry-environment-a7b91e5
post-cloning-tasks-116d82c	managing-cloud-foundry-microservices-through-api-management-e609a3e
post-cloning-tasks-116d82c	unbinding-a-multi-cloud-foundation-application-from-an-api-management-api-portal-service-09fd33a
post-cloning-tasks-49e9716	cloned-and-uncloned-entities-b2b393d
post-cloning-tasks-49e9716	configuring-additional-virtual-host-in-cloud-foundry-environment-a7b91e5
post-cloning-tasks-49e9716	managing-cloud-foundry-microservices-through-api-management-e609a3e
post-cloning-tasks-49e9716	unbinding-a-multi-cloud-foundation-application-from-an-api-management-api-portal-service-09fd33a
predictions-823bcd7	enabling-anomaly-detection-intelligent-recommendations-and-api-call-predictions-98534a0
prerequisites-c1904bc	accessing-developer-hub-apis-programmatically-dabee6e
prerequisites-c1904bc	clone-api-management-content-7abd887
prerequisites-c1904bc	migrating-api-management-subscription-created-using-the-starter-plan-service-instance-9778a36
prerequisites-for-the-source-and-the-target-system-1b181dd	clone-api-management-content-7abd887
prerequisites-for-the-source-and-the-target-system-1b181dd	clone-api-management-content-between-cloud-foundry-environments-2e5d127
prerequisites-for-the-source-and-the-target-system-1b181dd	migrating-api-management-subscription-created-using-the-starter-plan-service-instance-9778a36
prerequisites-for-the-source-and-the-target-system-1b181dd	migration-of-api-management-content-between-cloud-foundry-environments-17f09f3
principal-propagation-e2f3313	principal-propagation-from-the-neo-to-the-cloud-foundry-environment-da0e97b
principal-propagation-e2f3313	principal-propagation-from-the-same-cloud-foundry-subaccount-0e3d3e7
principal-propagation-from-the-neo-to-the-cloud-foundry-environment-da0e97b	accessing-on-premise-systems-through-api-management-2fc7a5b
principal-propagation-from-the-same-cloud-foundry-subaccount-0e3d3e7	accessing-on-premise-systems-through-api-management-2fc7a5b
process-flow-step-70d971d	define-exception-subprocess-690e078
process-flow-step-70d971d	define-local-integration-process-520341a
protect-data-integrity-e0ef25c	define-message-digest-e5d2867
protect-data-integrity-e0ef25c	use-csrf-protection-a0765d5
proxy-endpoint-properties-1705a92	enable-streaming-of-requests-and-responses-in-an-api-proxy-b43d826
proxy-endpoint-properties-1705a92	export-an-api-definition-420abb6
quality-of-service-2b9acb2	apply-the-retry-pattern-in-the-sender-applications-0e27ac9
quality-of-service-2b9acb2	integration-flow-design-guidelines-6803389
quality-of-service-2b9acb2	quality-of-service-exactly-once-f96cf27
quality-of-service-2b9acb2	quality-of-service-exactly-once-in-order-e1ef22e
quality-of-service-exactly-once-f96cf27	aggregator-86f97fd
quality-of-service-exactly-once-f96cf27	decoupling-via-data-store-d115669
quality-of-service-exactly-once-f96cf27	decoupling-via-jms-queue-ecbde19
quality-of-service-exactly-once-f96cf27	id-mapping-with-as2-sender-adapter-fe142b3
quality-of-service-exactly-once-f96cf27	id-mapping-with-multicast-55f2d4a
quality-of-service-exactly-once-f96cf27	id-mapping-with-splitter-441e51d
quality-of-service-exactly-once-f96cf27	idempotent-process-call-handles-duplicates-da18f73
quality-of-service-exactly-once-f96cf27	idempotent-process-call-handles-duplicates-with-alternative-response-a870621
quality-of-service-exactly-once-f96cf27	idempotent-process-call-handles-duplicates-with-jms-and-data-store-operations-727724f
quality-of-service-exactly-once-f96cf27	idoc-receiver-handles-duplicates-8f8feea
quality-of-service-exactly-once-f96cf27	idoc-receiver-handles-duplicates-based-on-unique-id-in-payload-bb441a9
quality-of-service-exactly-once-f96cf27	idoc-receiver-handles-duplicates-with-decoupling-via-jms-queue-776b640
quality-of-service-exactly-once-f96cf27	interaction-of-the-involved-integration-flows-44be68d
quality-of-service-exactly-once-f96cf27	sender-and-receiver-with-sap-rm-protocol-9f3e2b6
quality-of-service-exactly-once-f96cf27	sender-and-receiver-with-soap-protocol-cd4c6e0
quality-of-service-exactly-once-f96cf27	xi-receiver-handles-duplicates-based-on-unique-id-in-payload-3add2bf
quality-of-service-exactly-once-f96cf27	xi-receiver-handles-duplicates-fcf026b
quality-of-service-exactly-once-f96cf27	xi-receiver-handles-duplicates-with-decoupling-via-jms-queue-bd19abf
quality-of-service-exactly-once-f96cf27	xi-sender-adapter-handles-duplicates-7c9a0fd
quality-of-service-exactly-once-in-order-e1ef22e	configure-the-advanced-event-mesh-receiver-adapter-881f656
quality-of-service-exactly-once-in-order-e1ef22e	configure-the-advanced-event-mesh-sender-adapter-abd2efc
quality-of-service-exactly-once-in-order-e1ef22e	configure-the-jms-receiver-adapter-79edc04
quality-of-service-exactly-once-in-order-e1ef22e	configure-the-jms-sender-adapter-161791b
quality-of-service-exactly-once-in-order-e1ef22e	decoupling-using-sap-integration-suite-advanced-event-mesh-df7b472
quality-of-service-exactly-once-in-order-e1ef22e	generic-use-case-70c7774
quality-of-service-exactly-once-in-order-e1ef22e	idoc-sender-scenario-7266628
quality-of-service-exactly-once-in-order-e1ef22e	quality-of-service-exactly-once-f96cf27
quality-of-service-exactly-once-in-order-e1ef22e	sender-with-sap-rm-protocol-and-receiver-with-xi-protocol-5f35b5c
quality-of-service-exactly-once-in-order-e1ef22e	sender-with-xi-protocol-and-receiver-with-sap-rm-protocol-090abf3
quality-of-service-exactly-once-in-order-e1ef22e	sftp-sender-scenario-3d7fd37
query-options-99f4b70	use-custom-header-properties-to-search-for-message-processing-logs-d4b5839
quota-2aecf15	add-quota-policy-to-api-endpoint-8d1b56b
rabbitmq-adapter-8b2f994	consuming-integration-adapters-from-sap-business-accelerator-hub-b9250fb
rate-plan-service-f4537ce	attach-rate-plan-to-a-product-cc5c942
rate-plan-service-f4537ce	create-a-rate-plan-cfe6a30
rate-plan-service-f4537ce	delete-a-rate-plan-d4181ad
rate-plan-service-f4537ce	update-a-rate-plan-b8c1e6b
read-and-modify-message-header-message-body-and-exchange-properties-5822f32	avoiding-encoding-issues-3018480
read-and-modify-message-header-message-body-and-exchange-properties-5822f32	character-encodings-background-information-083c971
read-and-modify-message-header-message-body-and-exchange-properties-5822f32	the-camel-data-model-in-a-nutshell-d4f8f03
read-and-modify-partner-directory-content-ab10d02	parameterizing-integration-flows-using-the-partner-directory-b7812a5
read-and-modify-partner-directory-content-ab10d02	partner-authorization-inbound-c0c9950
read-and-modify-partner-directory-content-ab10d02	partner-directory-concepts-f917d6e
read-and-modify-partner-directory-content-ab10d02	use-an-alternative-partner-id-to-retrieve-partner-information-01a784c
read-and-modify-partner-directory-content-ab10d02	use-the-partner-directory-appropriately-6e00412
read-and-modify-soap-headers-8a2827d	setting-and-getting-soap-headers-65c70da
read-attachment-based-on-filter-criteria-f7f513f	basic-authentication-with-clientid-and-clientsecret-for-integration-flow-processing-647eeb3
read-multiple-attachments-4b2f07f	basic-authentication-with-clientid-and-clientsecret-for-integration-flow-processing-647eeb3
read-multiple-attachments-based-on-filter-criteria-b9c2354	basic-authentication-with-clientid-and-clientsecret-for-integration-flow-processing-647eeb3
read-security-related-artifacts-8dd981e	access-secure-parameters-in-scripts-fdf4ce3
reading-the-references-4f3d168	accessing-api-management-apis-programmatically-24a2c37
recommendations-for-tasks-and-permissions-2986851	managing-access-policies-318d107
reduce-size-of-odata-content-enricher-response-8a76692	content-enricher-0e7ba7f
reduce-size-of-odata-content-enricher-response-8a76692	define-content-enricher-8827f9f
reduce-size-of-odata-content-enricher-response-8a76692	setting-log-levels-4e6d3fc
relax-dependencies-to-external-components-3ea1e33	apply-the-retry-pattern-97789c9
relax-dependencies-to-external-components-3ea1e33	copying-the-integration-package-and-deploying-the-integration-flows-2cb1d31
relax-dependencies-to-external-components-3ea1e33	perform-odata-batch-requests-b0372d4
relax-dependencies-to-external-components-3ea1e33	reduce-size-of-odata-content-enricher-response-8a76692
relax-dependencies-to-external-components-3ea1e33	set-a-proper-timeout-3535f15
relax-dependencies-to-external-components-3ea1e33	validate-incoming-messages-f421c07
rename-the-alias-of-a-keystore-entry-4024577	http-calls-and-uri-components-ca75e12
renewal-of-sap-keys-without-any-downtime-2218fa4	renewal-of-keys-for-cms-pkcs-7-decryptor-inbound-1cdab75
renewal-of-sap-keys-without-any-downtime-2218fa4	renewal-of-keys-for-cms-pkcs-7-signer-outbound-fe4d37f
renewal-of-sap-keys-without-any-downtime-2218fa4	renewal-of-keys-for-xml-digital-signature-signer-outbound-aaeaa2f
renewal-of-sap-keys-without-any-downtime-2218fa4	renewal-of-openpgp-encryption-key-inbound-66cbb51
renewal-of-sap-keys-without-any-downtime-2218fa4	renewal-of-openpgp-signer-key-outbound-b2b54df
renewal-of-sap-keys-without-any-downtime-2218fa4	security-artifact-renewal-for-ws-security-tenant-decrypts-inbound-request-192762b
renewal-of-sap-keys-without-any-downtime-2218fa4	security-artifact-renewal-for-ws-security-tenant-decrypts-outbound-response-90b85ec
renewal-of-sap-keys-without-any-downtime-2218fa4	security-artifact-renewal-for-ws-security-tenant-encrypts-outbound-request-efb83b3
renewal-of-sap-keys-without-any-downtime-2218fa4	security-artifact-renewal-for-ws-security-tenant-signs-inbound-response-a6ccced
renewal-of-sender-back-end-client-certificate-2d3cae7	load-balancer-root-certificates-supported-by-sap-4509f60
replace-body-with-content-of-attachment-14e6810	basic-authentication-with-clientid-and-clientsecret-for-integration-flow-processing-647eeb3
replace-concurrent-rate-limit-policy-with-alternative-policies-b70e0d2	concurrent-rate-limit-8f22baa
replace-concurrent-rate-limit-policy-with-alternative-policies-b70e0d2	quota-1f742c1
replace-concurrent-rate-limit-policy-with-alternative-policies-b70e0d2	spike-arrest-bf441dc
requests-for-string-parameter-binary-parameter-and-authorized-user-47b6999	http-calls-and-uri-components-ca75e12
requests-for-usercredentialparameter-79c06dd	http-calls-and-uri-components-ca75e12
resequencer-068cfc7	basic-authentication-with-clientid-and-clientsecret-for-integration-flow-processing-647eeb3
restore-an-entry-from-the-sap-key-history-keystore-to-the-new-sap-keys-keystore-a0bd675	http-calls-and-uri-components-ca75e12
restrict-usage-to-supported-frameworks-and-libraries-d8a70aa	fix-script-incompatibilities-7397c42
restrict-usage-to-supported-frameworks-and-libraries-d8a70aa	upgrading-script-917e014
restricting-access-to-api-products-using-custom-role-attribute-0495246	centralized-developer-hub-38422de
restricting-access-to-api-products-using-custom-role-attribute-0495246	creating-and-assigning-a-custom-role-collection-9d827cd
restricting-access-to-api-products-using-custom-role-attribute-09fb892	centralized-developer-hub-38422de
restricting-access-to-api-products-using-custom-role-attribute-09fb892	creating-and-assigning-a-custom-role-collection-9d827cd
reuse-imported-archives-objects-from-es-repository-4196091	configuring-connectivity-to-an-sap-process-orchestration-system-8c36fd2
reuse-imported-archives-objects-from-es-repository-4196091	creating-an-imported-archives-artifact-e555caf
rfc-adapter-98a3c19	runtime-profiles-8007daa
rfc-adapter-98a3c19	updating-your-existing-integration-flow-1f9e879
rfc-receiver-adapter-5c76048	creating-and-modifying-rfc-destination-3b55fa7
rfc-receiver-adapter-5c76048	overview-of-integration-flow-editor-db10beb
rfc-sender-adapter-for-edge-integration-cell-f5568be	creating-and-modifying-rfc-destination-3b55fa7
rfc-sender-adapter-for-edge-integration-cell-f5568be	overview-of-integration-flow-editor-db10beb
rnif-adapter-0714e22	dynamic-configuration-via-partner-directory-a9cc79d
role-collections-in-api-management-7010b58	comprehensive-breakdown-of-role-collections-in-api-management-f3049e2
routing-flow-step-3846eef	define-aggregator-aa23816
routing-flow-step-3846eef	define-edi-splitter-584a3be
routing-flow-step-3846eef	define-gather-and-join-94ef1f2
routing-flow-step-3846eef	define-general-splitter-a6c1916
routing-flow-step-3846eef	define-idoc-splitter-4f250e4
routing-flow-step-3846eef	define-iterating-splitter-d61d6ec
routing-flow-step-3846eef	define-multicast-17de3ea
routing-flow-step-3846eef	define-pkcs-7-cms-splitter-6c1649b
routing-flow-step-3846eef	define-router-d7fddbd
routing-flow-step-3846eef	define-tar-splitter-0f49759
routing-flow-step-3846eef	define-zip-splitter-4c0e3b8
run-an-integration-flow-under-well-defined-boundary-conditions-f8cf974	anticipate-message-throughput-when-choosing-a-storage-option-5b38765
run-an-integration-flow-under-well-defined-boundary-conditions-f8cf974	control-the-number-of-simultaneously-opened-database-connections-90628e9
run-an-integration-flow-under-well-defined-boundary-conditions-f8cf974	copying-the-integration-package-and-deploying-the-integration-flows-2cb1d31
run-an-integration-flow-under-well-defined-boundary-conditions-f8cf974	define-proper-transaction-handling-1c31963
run-an-integration-flow-under-well-defined-boundary-conditions-f8cf974	limit-size-of-incoming-messages-8319e33
run-an-integration-flow-under-well-defined-boundary-conditions-f8cf974	manage-large-batch-sizes-825d2cf
run-an-integration-flow-under-well-defined-boundary-conditions-f8cf974	optimize-integration-flow-design-for-streaming-396941a
run-an-integration-flow-under-well-defined-boundary-conditions-f8cf974	optimize-memory-footprint-dc24074
run-an-integration-flow-under-well-defined-boundary-conditions-f8cf974	optimize-performance-491c80d
run-an-integration-flow-under-well-defined-boundary-conditions-f8cf974	reduce-the-memory-consumption-for-splitter-scenarios-de974b8
run-an-integration-flow-under-well-defined-boundary-conditions-f8cf974	specify-proper-session-handling-06a28e0
runtime-artifacts-and-error-information-example-requests-3db463e	http-calls-and-uri-components-ca75e12
runtime-profiles-8007daa	configure-runtime-profile-for-an-integration-flow-65cc0bc
runtime-profiles-8007daa	creating-an-api-artifact-c2fe62c
runtime-profiles-8007daa	integration-artifact-types-bf932e0
runtime-profiles-8007daa	set-default-runtime-profile-efebd50
runtime-status-c14a7b1	get-runtime-status-of-deployed-integration-flow-49c7336
runtimes-in-api-centric-integration-9a3f0e3	edge-integration-cell-f8479cb
runtimes-in-api-centric-integration-9a3f0e3	integration-cell-bd33000
salesforce-adapter-9a7e201	runtime-profiles-8007daa
salesforce-adapter-9a7e201	salesforce-receiver-adapter-a548be9
salesforce-adapter-9a7e201	salesforce-sender-adapter-ba6420d
salesforce-adapter-9a7e201	updating-your-existing-integration-flow-1f9e879
salesforce-pub-sub-adapter-c27c5ee	consuming-integration-adapters-from-sap-business-accelerator-hub-b9250fb
sap-master-data-integration-receiver-adapter-e91e373	consuming-integration-adapters-from-sap-business-accelerator-hub-b9250fb
sap-master-data-integration-receiver-adapter-e91e373	dynamically-configure-integration-flow-parameters-fff5b2a
sap-master-data-integration-receiver-adapter-e91e373	overview-of-integration-flow-editor-db10beb
sap-master-data-integration-receiver-adapter-e91e373	runtime-profiles-8007daa
sap-master-data-integration-receiver-adapter-e91e373	updating-your-existing-integration-flow-1f9e879
scripts-fa29f02	fix-script-incompatibilities-7397c42
sdk-api-c5c7933	component-metadata-550b19e
security-artifact-renewal-for-ws-security-169b0b5	security-artifact-renewal-for-ws-security-tenant-decrypts-inbound-request-192762b
security-artifact-renewal-for-ws-security-169b0b5	security-artifact-renewal-for-ws-security-tenant-decrypts-outbound-response-90b85ec
security-artifact-renewal-for-ws-security-169b0b5	security-artifact-renewal-for-ws-security-tenant-encrypts-inbound-response-fdea960
security-artifact-renewal-for-ws-security-169b0b5	security-artifact-renewal-for-ws-security-tenant-encrypts-outbound-request-efb83b3
security-artifact-renewal-for-ws-security-169b0b5	security-artifact-renewal-for-ws-security-tenant-signs-inbound-response-a6ccced
security-artifact-renewal-for-ws-security-169b0b5	security-artifact-renewal-for-ws-security-tenant-signs-outbound-request-10c32fe
security-artifact-renewal-for-ws-security-169b0b5	security-artifact-renewal-for-ws-security-tenant-verifies-inbound-request-266470d
security-artifact-renewal-for-ws-security-169b0b5	security-artifact-renewal-for-ws-security-tenant-verifies-outbound-response-289b653
security-aspects-of-data-data-flow-for-api-management-27a7f63	access-control-3f72aea
security-aspects-of-data-data-flow-for-api-management-27a7f63	basic-authentication-693c0d1
security-aspects-of-data-data-flow-for-api-management-27a7f63	concurrent-rate-limit-8f22baa
security-aspects-of-data-data-flow-for-api-management-27a7f63	json-threat-protection-952cbd7
security-aspects-of-data-data-flow-for-api-management-27a7f63	message-validation-policy-e68da2f
security-aspects-of-data-data-flow-for-api-management-27a7f63	oauth-v2-0-09b5abb
security-aspects-of-data-data-flow-for-api-management-27a7f63	oauth-v2-0-get-2e507ea
security-aspects-of-data-data-flow-for-api-management-27a7f63	oauth-v2-0-set-161c1e3
security-aspects-of-data-data-flow-for-api-management-27a7f63	quota-1f742c1
security-aspects-of-data-data-flow-for-api-management-27a7f63	regular-expression-protection-0118f91
security-aspects-of-data-data-flow-for-api-management-27a7f63	saml-assertion-policy-3882208
security-aspects-of-data-data-flow-for-api-management-27a7f63	spike-arrest-bf441dc
security-aspects-of-data-data-flow-for-api-management-27a7f63	verify-api-key-4d15a04
security-aspects-of-data-data-flow-for-api-management-27a7f63	xml-threat-protection-3de6615
security-aspects-of-data-data-flow-for-cloud-integration-7895724	client-certificate-authentication-outbound-c4e4a15
security-aspects-of-data-data-flow-for-cloud-integration-7895724	keystore-b163513
security-content-e01d3f0	creating-a-key-pair-ssh-key-pair-b8a8601
security-content-e01d3f0	deploying-a-user-credentials-artifact-6912d63
security-content-e01d3f0	deploying-an-oauth2-client-credentials-artifact-801b106
security-content-e01d3f0	http-calls-and-uri-components-ca75e12
security-content-e01d3f0	managing-access-policies-318d107
security-content-e01d3f0	managing-keystore-entries-2dc8942
security-content-e01d3f0	managing-the-lifecycle-of-keys-7d24b61
security-content-e01d3f0	query-options-99f4b70
security-content-e01d3f0	security-content-example-requests-acb89ef
security-content-e01d3f0	setting-up-inbound-http-connections-for-api-clients-8db3d51
security-content-e01d3f0	tasks-and-permissions-for-cloud-integration-556d557
security-content-e01d3f0	x-509-certificates-8d38a83
security-content-example-requests-acb89ef	export-certificate-1133cca
security-content-example-requests-acb89ef	export-public-key-in-openssh-format-dbf276e
security-content-example-requests-acb89ef	generate-a-key-pair-4d3dd24
security-content-example-requests-acb89ef	get-all-keystore-entries-2b67349
security-content-example-requests-acb89ef	get-keystore-entry-by-alias-e4526db
security-content-example-requests-acb89ef	get-keystore-properties-and-entries-bad4cc5
security-content-example-requests-acb89ef	import-and-update-certificate-be3a0b9
security-content-example-requests-acb89ef	import-back-up-a-keystore-bcff852
security-content-example-requests-acb89ef	rename-the-alias-of-a-keystore-entry-4024577
security-content-example-requests-acb89ef	restore-an-entry-from-the-sap-key-history-keystore-to-the-new-sap-keys-keystore-a0bd675
security-content-example-requests-acb89ef	trigger-mass-deletion-of-keystore-entries-bee2744
security-policies-aebf968	api-validation-02ff41b
security-policies-aebf968	authentication-fa6eec4
security-policies-aebf968	authorization-6658409
security-policies-aebf968	json-threat-protection-c4991a6
security-policies-aebf968	xml-threat-protection-2e04b93
security-related-flow-steps-0c5db6d	define-pgp-decryptor-d0dc511
security-related-flow-steps-0c5db6d	define-pgp-encryptor-7a07766
security-related-flow-steps-0c5db6d	define-pkcs-7-cms-decryptor-51d903b
security-related-flow-steps-0c5db6d	encrypt-and-sign-the-message-content-with-pkcs-7-cms-encryptor-21fd211
security-related-flow-steps-0c5db6d	sign-the-message-content-with-pkcs-7-cms-signer-cc09e03
security-related-flow-steps-0c5db6d	sign-the-message-content-with-simple-signer-9879fc3
security-related-flow-steps-0c5db6d	sign-the-message-content-with-xml-digital-signature-9a013db
security-related-flow-steps-0c5db6d	verify-the-pkcs-7-cms-signature-f095dc6
security-related-flow-steps-0c5db6d	verify-the-xml-digital-signature-090b932
sender-and-receiver-with-sap-rm-protocol-9f3e2b6	basic-authentication-with-clientid-and-clientsecret-for-integration-flow-processing-647eeb3
sender-and-receiver-with-sap-rm-protocol-9f3e2b6	configure-the-soap-sap-rm-receiver-adapter-8366495
sender-and-receiver-with-sap-rm-protocol-9f3e2b6	configure-the-soap-sap-rm-sender-adapter-6962234
sender-and-receiver-with-sap-rm-protocol-9f3e2b6	content-filter-6fd4a86
sender-and-receiver-with-sap-rm-protocol-9f3e2b6	interaction-of-the-involved-integration-flows-44be68d
sender-and-receiver-with-soap-protocol-cd4c6e0	basic-authentication-with-clientid-and-clientsecret-for-integration-flow-processing-647eeb3
sender-and-receiver-with-soap-protocol-cd4c6e0	configure-the-soap-sap-rm-receiver-adapter-8366495
sender-and-receiver-with-soap-protocol-cd4c6e0	interaction-of-the-involved-integration-flows-44be68d
sender-and-receiver-with-soap-protocol-cd4c6e0	sender-and-receiver-with-sap-rm-protocol-9f3e2b6
sender-with-sap-rm-protocol-and-receiver-with-xi-protocol-5f35b5c	basic-authentication-with-clientid-and-clientsecret-for-integration-flow-processing-647eeb3
sender-with-sap-rm-protocol-and-receiver-with-xi-protocol-5f35b5c	configure-the-soap-sap-rm-sender-adapter-6962234
sender-with-sap-rm-protocol-and-receiver-with-xi-protocol-5f35b5c	configure-the-xi-receiver-adapter-5d2670f
sender-with-sap-rm-protocol-and-receiver-with-xi-protocol-5f35b5c	interaction-of-the-involved-integration-flows-44be68d
sender-with-xi-protocol-and-receiver-with-sap-rm-protocol-090abf3	basic-authentication-with-clientid-and-clientsecret-for-integration-flow-processing-647eeb3
sender-with-xi-protocol-and-receiver-with-sap-rm-protocol-090abf3	configure-the-soap-sap-rm-receiver-adapter-8366495
sender-with-xi-protocol-and-receiver-with-sap-rm-protocol-090abf3	configure-the-xi-sender-adapter-41a1a57
sender-with-xi-protocol-and-receiver-with-sap-rm-protocol-090abf3	interaction-of-the-involved-integration-flows-44be68d
service-key-types-0fc1446	basic-authentication-with-clientid-and-clientsecret-for-integration-flow-processing-647eeb3
service-key-types-0fc1446	client-certificate-authentication-for-api-clients-d9ca0ac
service-key-types-0fc1446	client-certificate-authentication-for-integration-flow-processing-7f84d16
service-key-types-0fc1446	load-balancer-root-certificates-supported-by-sap-4509f60
service-key-types-0fc1446	oauth-with-client-credentials-grant-for-api-clients-20e26a8
service-key-types-0fc1446	oauth-with-client-credentials-grant-for-integration-flow-processing-6c052ce
service-types-for-api-artifacts-4dd2dde	default-adapters-for-api-artifacts-719d07c
serviceendpoints-example-requests-26797fb	http-calls-and-uri-components-ca75e12
servicenow-receiver-adapter-1e3bcf4	consuming-integration-adapters-from-sap-business-accelerator-hub-b9250fb
servicenow-receiver-adapter-1e3bcf4	runtime-profiles-8007daa
servicenow-receiver-adapter-1e3bcf4	updating-your-existing-integration-flow-1f9e879
set-a-proper-timeout-3535f15	configure-the-odata-v2-receiver-adapter-c5c2e38
set-a-proper-timeout-3535f15	configure-the-soap-soap-1-x-receiver-adapter-57f7b34
set-a-proper-timeout-3535f15	configure-the-successfactors-odata-v2-receiver-adapter-d16dd12
set-a-proper-timeout-3535f15	http-receiver-adapter-2da452e
set-a-proper-timeout-3535f15	manage-large-batch-sizes-825d2cf
set-default-runtime-profile-efebd50	configure-runtime-profile-for-an-integration-flow-65cc0bc
set-the-mapping-context-7a238c0	creating-message-mapping-as-a-flow-step-3d5cb7f
setting-log-levels-4e6d3fc	add-information-to-the-message-processing-log-e8e9283
setting-up-api-management-f34e86c	activate-and-configure-the-api-management-capability-f6eb433
setting-up-api-management-f34e86c	create-a-connection-request-for-the-centralized-developer-hub-c7bda8c
setting-up-external-governance-8b4f848	configure-governance-settings-for-apis-and-events-7446560
setting-up-external-governance-8b4f848	create-a-destination-for-approving-and-rejecting-subscriptions-71230dc
setting-up-external-governance-8b4f848	import-and-publish-apis-from-external-gateways-961d39e
setting-up-inbound-http-connections-for-api-clients-8db3d51	api-details-014d6ad
setting-up-inbound-http-connections-for-api-clients-8db3d51	basic-authentication-of-an-idp-user-for-api-clients-57f104d
setting-up-inbound-http-connections-for-api-clients-8db3d51	client-certificate-authentication-for-api-clients-d9ca0ac
setting-up-inbound-http-connections-for-api-clients-8db3d51	client-certificate-authentication-inbound-4ec6192
setting-up-inbound-http-connections-for-api-clients-8db3d51	oauth-authentication-with-client-credentials-grant-inbound-b9df724
setting-up-inbound-http-connections-for-api-clients-8db3d51	oauth-with-client-credentials-grant-for-api-clients-20e26a8
setting-up-inbound-http-connections-integration-flow-processing-0f92842	basic-authentication-2c4c2d9
setting-up-inbound-http-connections-integration-flow-processing-0f92842	basic-authentication-of-idp-user-for-integration-flow-processing-5d46e56
setting-up-inbound-http-connections-integration-flow-processing-0f92842	basic-authentication-with-clientid-and-clientsecret-for-integration-flow-processing-647eeb3
setting-up-inbound-http-connections-integration-flow-processing-0f92842	client-certificate-authentication-for-integration-flow-processing-7f84d16
setting-up-inbound-http-connections-integration-flow-processing-0f92842	client-certificate-authentication-inbound-4ec6192
setting-up-inbound-http-connections-integration-flow-processing-0f92842	oauth-authentication-with-client-credentials-grant-inbound-b9df724
setting-up-inbound-http-connections-integration-flow-processing-0f92842	oauth-with-client-credentials-grant-for-integration-flow-processing-6c052ce
setting-up-inbound-sftp-connections-d8fb958	how-sftp-works-fc8467b
setting-up-inbound-sftp-connections-d8fb958	setting-up-inbound-sftp-connections-details-e72eba4
setting-up-oauth-for-cloud-integration-in-cloud-foundry-641c56b	creating-an-api-proxy-using-sap-cloud-integration-api-provider-aefbd74
setting-up-outbound-http-connections-92dd2a6	basic-authentication-a5d77b1
setting-up-outbound-http-connections-92dd2a6	client-certificate-authentication-outbound-c4e4a15
setting-up-outbound-http-connections-92dd2a6	oauth-2-0-3823134
setting-up-outbound-http-connections-92dd2a6	outbound-on-premise-reverse-proxy-or-sap-cloud-connector-14567e1
setting-up-outbound-http-connections-92dd2a6	setting-up-outbound-http-connections-with-basic-authentication-2d808e7
setting-up-outbound-http-connections-92dd2a6	setting-up-outbound-http-connections-with-client-certificate-authentication-f7597d2
setting-up-outbound-http-connections-92dd2a6	setting-up-outbound-http-connections-with-oauth-cb7abee
setting-up-outbound-http-connections-92dd2a6	setting-up-principal-propagation-example-scenario-34eff84
setting-up-outbound-http-connections-with-basic-authentication-2d808e7	creating-x-509-keys-ec605c7
setting-up-outbound-http-connections-with-client-certificate-authentication-f7597d2	client-certificate-authentication-outbound-c4e4a15
setting-up-outbound-http-connections-with-client-certificate-authentication-f7597d2	creating-x-509-keys-ec605c7
setting-up-outbound-http-connections-with-client-certificate-authentication-f7597d2	keystore-b163513
setting-up-outbound-http-connections-with-client-certificate-authentication-f7597d2	managing-keystore-entries-2dc8942
setting-up-outbound-http-connections-with-client-certificate-authentication-f7597d2	performing-connectivity-tests-d5b2fae
setting-up-outbound-http-connections-with-oauth-cb7abee	deploying-an-oauth2-authorization-code-081bfd7
setting-up-outbound-http-connections-with-oauth-cb7abee	deploying-an-oauth2-client-credentials-artifact-801b106
setting-up-outbound-http-connections-with-oauth-cb7abee	deploying-an-oauth2-saml-bearer-assertion-3ee6582
setting-up-outbound-http-connections-with-oauth-cb7abee	oauth-2-0-3823134
setting-up-outbound-sftp-connections-6e4de95	how-sftp-works-fc8467b
setting-up-outbound-sftp-connections-6e4de95	setting-up-inbound-sftp-connections-details-e72eba4
setting-up-sap-identity-authentication-service-as-custom-idp-for-basic-authentication-0668507	basic-authentication-of-an-idp-user-for-api-clients-57f104d
setting-up-sap-identity-authentication-service-as-custom-idp-for-basic-authentication-0668507	basic-authentication-of-idp-user-for-integration-flow-processing-5d46e56
setting-up-the-key-pairs-and-certificates-620967b	client-certificate-authentication-for-integration-flow-processing-7f84d16
setting-up-the-key-pairs-and-certificates-620967b	creating-x-509-keys-ec605c7
setting-up-the-key-pairs-and-certificates-620967b	load-balancer-root-certificates-supported-by-sap-4509f60
setting-up-the-key-pairs-and-certificates-620967b	updating-a-key-pair-with-a-signing-response-4242f01
setting-up-the-key-pairs-and-certificates-620967b	uploading-a-certificate-03cf78a
sftp-sender-scenario-3d7fd37	configure-the-sftp-sender-adapter-2de9ee5
sftp-sender-scenario-3d7fd37	configure-the-soap-sap-rm-receiver-adapter-8366495
shopify-graphql-receiver-adapter-484c676	dynamically-configure-integration-flow-parameters-fff5b2a
shopify-receiver-adapter-0dca1d7	consuming-integration-adapters-from-sap-business-accelerator-hub-b9250fb
shopify-rest-receiver-adapter-34865bc	dynamically-configure-integration-flow-parameters-fff5b2a
sign-the-message-content-with-pkcs-7-cms-signer-cc09e03	dynamically-configure-integration-flow-parameters-fff5b2a
sign-the-message-content-with-pkcs-7-cms-signer-cc09e03	options-to-handle-signed-data-89f4220
sign-the-message-content-with-pkcs-7-cms-signer-cc09e03	signing-and-verifying-a-message-using-pkcs-7-cms-bb76650
sign-the-message-content-with-xml-digital-signature-9a013db	signing-the-message-content-with-xades-bes-1-9aac1e2
sign-the-message-content-with-xml-digital-signature-9a013db	signing-the-message-content-with-xades-bes-2-2c569fc
sign-the-message-content-with-xml-digital-signature-9a013db	signing-the-message-content-with-xades-epes-5976731
signing-and-verifying-a-message-using-pkcs-7-cms-bb76650	options-to-handle-signed-data-89f4220
signing-the-message-content-with-xades-bes-1-9aac1e2	headers-and-exchange-properties-provided-by-the-integration-framework-d0fcb09
signing-the-message-content-with-xades-bes-1-9aac1e2	limitations-08d4522
signing-the-message-content-with-xades-bes-1-9aac1e2	message-headers-e26ab8c
signing-the-message-content-with-xades-bes-1-9aac1e2	signing-the-message-content-with-xml-advanced-electronic-signature-874e032
signing-the-message-content-with-xades-bes-2-2c569fc	limitations-08d4522
signing-the-message-content-with-xades-bes-2-2c569fc	message-headers-e26ab8c
signing-the-message-content-with-xades-bes-2-2c569fc	signing-the-message-content-with-xml-advanced-electronic-signature-874e032
signing-the-message-content-with-xades-epes-5976731	limitations-08d4522
signing-the-message-content-with-xades-epes-5976731	message-headers-e26ab8c
signing-the-message-content-with-xades-epes-5976731	signing-the-message-content-with-xml-advanced-electronic-signature-874e032
simple-integration-flow-using-a-message-digest-step-8b5a7ce	define-data-store-write-operations-46260ee
simple-integration-flow-using-a-message-digest-step-8b5a7ce	variant-timer-initiated-scenario-with-external-data-source-and-receiver-7e766dd
simulation-of-an-integration-flow-2e2210b	configure-simulation-45a71f8
simulation-of-an-integration-flow-2e2210b	using-various-types-of-body-files-in-the-simulation-2e3cf3b
slack-adapter-5f97d4a	consuming-integration-adapters-from-sap-business-accelerator-hub-b9250fb
smb-adapter-e48d2cb	consuming-integration-adapters-from-sap-business-accelerator-hub-b9250fb
snowflake-receiver-adapter-1299e68	consuming-integration-adapters-from-sap-business-accelerator-hub-b9250fb
soap-sap-rm-adapter-6bd724f	runtime-profiles-8007daa
soap-sap-rm-adapter-6bd724f	updating-your-existing-integration-flow-1f9e879
special-use-cases-sap-rm-vs-xi-vs-idoc-5f7fa93	decoupling-via-jms-queue-ecbde19
special-use-cases-sap-rm-vs-xi-vs-idoc-5f7fa93	id-mapping-with-splitter-441e51d
special-use-cases-sap-rm-vs-xi-vs-idoc-5f7fa93	idoc-receiver-handles-duplicates-8f8feea
special-use-cases-sap-rm-vs-xi-vs-idoc-5f7fa93	idoc-receiver-handles-duplicates-based-on-unique-id-in-payload-bb441a9
special-use-cases-sap-rm-vs-xi-vs-idoc-5f7fa93	idoc-receiver-handles-duplicates-with-decoupling-via-jms-queue-776b640
special-use-cases-sap-rm-vs-xi-vs-idoc-5f7fa93	sender-and-receiver-with-sap-rm-protocol-9f3e2b6
special-use-cases-sap-rm-vs-xi-vs-idoc-5f7fa93	sender-and-receiver-with-soap-protocol-cd4c6e0
special-use-cases-sap-rm-vs-xi-vs-idoc-5f7fa93	xi-receiver-handles-duplicates-based-on-unique-id-in-payload-3add2bf
special-use-cases-sap-rm-vs-xi-vs-idoc-5f7fa93	xi-receiver-handles-duplicates-fcf026b
special-use-cases-sap-rm-vs-xi-vs-idoc-5f7fa93	xi-receiver-handles-duplicates-with-decoupling-via-jms-queue-bd19abf
specify-proper-session-handling-06a28e0	specify-the-runtime-configuration-0c1c96e
specify-the-runtime-configuration-0c1c96e	runtime-profiles-8007daa
splunk-adapter-f9ae7e6	consuming-integration-adapters-from-sap-business-accelerator-hub-b9250fb
ssh-connectivity-tests-da7dfd0	deploying-an-ssh-known-hosts-artifact-46da324
ssh-connectivity-tests-da7dfd0	maintaining-ssh-known-hosts-for-sftp-connectivity-514e383
ssh-connectivity-tests-da7dfd0	using-sap-cloud-connector-with-cloud-integration-adapters-65a60e7
standard-approach-1b75b4a	configuring-connectivity-to-an-sap-process-orchestration-system-8c36fd2
standard-approach-1b75b4a	creating-an-integration-package-9126d79
standard-approach-1b75b4a	creating-and-modifying-rfc-destination-3b55fa7
standard-approach-1b75b4a	creating-message-mapping-as-an-artifact-1d52a7b
standard-approach-1b75b4a	decoupling-via-jms-queue-ecbde19
standard-approach-1b75b4a	define-idempotent-process-call-84c85d7
standard-approach-1b75b4a	integration-content-migration-agent-28a8698
standard-approach-1b75b4a	known-limitations-of-migration-tooling-7a552d4
standard-approach-1b75b4a	managing-jdbc-data-sources-4c873fa
standard-approach-1b75b4a	supported-patterns-ad867ae
standard-mapping-56c3bf5	integration-flow-extension-concepts-41b238c
statistics-collector-policy-1dee3c9	create-custom-dimensions-and-measures-ba211be
store-retrieve-messages-in-from-the-data-store-604f7b1	define-data-store-operations-79f63a4
subscribe-only-a-single-tenant-to-sap-business-accelerator-hub-185a52a	content-transport-e3c79d6
subscribe-only-a-single-tenant-to-sap-business-accelerator-hub-185a52a	updates-for-sap-s-integration-packages-5e41ce8
subscribe-to-a-product-to-consume-apis-and-events-in-an-application-f74f47d	onboarding-an-application-developer-786d107
subscribe-to-products-containing-apis-deployed-on-classic-api-management-5272510	publish-api-proxies-75a4a11
subscribe-to-products-to-make-mcp-servers-agent-ready-2df6934	onboarding-an-application-developer-786d107
successfactors-odata-v2-adapter-b27829c	configure-the-successfactors-odata-v2-receiver-adapter-d16dd12
successfactors-odata-v2-adapter-b27829c	headers-and-exchange-properties-provided-by-the-integration-framework-d0fcb09
successfactors-odata-v4-receiver-adapter-cd091fc	deploying-an-oauth2-client-credentials-artifact-801b106
successfactors-odata-v4-receiver-adapter-cd091fc	deploying-an-oauth2-saml-bearer-assertion-3ee6582
successfactors-odata-v4-receiver-adapter-cd091fc	headers-and-exchange-properties-provided-by-the-integration-framework-d0fcb09
successfactors-odata-v4-receiver-adapter-cd091fc	overview-of-integration-flow-editor-db10beb
successfactors-soap-adapter-28b29d6	specify-the-runtime-configuration-0c1c96e
sugarcrm-receiver-adapter-d96ddf7	consuming-integration-adapters-from-sap-business-accelerator-hub-b9250fb
sugarcrm-receiver-adapter-d96ddf7	runtime-profiles-8007daa
sugarcrm-receiver-adapter-d96ddf7	updating-your-existing-integration-flow-1f9e879
supported-adapters-for-external-callout-in-api-artifacts-641600e	configure-the-mail-receiver-adapter-f68d5e0
supported-adapters-for-external-callout-in-api-artifacts-641600e	configure-the-odata-v2-receiver-adapter-c5c2e38
supported-adapters-for-external-callout-in-api-artifacts-641600e	configure-the-odata-v4-receiver-adapter-cd66a12
supported-adapters-for-external-callout-in-api-artifacts-641600e	configure-the-soap-soap-1-x-receiver-adapter-57f7b34
supported-adapters-for-external-callout-in-api-artifacts-641600e	http-receiver-adapter-2da452e
supported-adapters-for-external-callout-in-api-artifacts-641600e	jdbc-for-db2-on-premise-9515cf8
supported-adapters-for-external-callout-in-api-artifacts-641600e	jdbc-for-microsoft-sql-server-cloud-4173d0a
supported-adapters-for-external-callout-in-api-artifacts-641600e	jdbc-for-microsoft-sql-server-on-premise-9745e40
supported-adapters-for-external-callout-in-api-artifacts-641600e	jdbc-for-oracle-cloud-f868182
supported-adapters-for-external-callout-in-api-artifacts-641600e	jdbc-for-oracle-on-premise-e6db38a
supported-adapters-for-external-callout-in-api-artifacts-641600e	jdbc-for-postgresql-cloud-4d5b488
supported-adapters-for-external-callout-in-api-artifacts-641600e	jdbc-for-sap-hana-cloud-187a8e8
supported-adapters-for-external-callout-in-api-artifacts-641600e	jdbc-receiver-adapter-88be644
supported-adapters-for-external-callout-in-api-artifacts-641600e	rfc-receiver-adapter-5c76048
supported-components-46b27d1	known-limitations-of-migration-tooling-7a552d4
supported-components-6f05bc0	known-limitations-of-migration-tooling-7a552d4
supported-patterns-ad867ae	decoupling-via-jms-queue-ecbde19
supported-settings-for-specific-message-brokers-059bd96	amqp-receiver-for-sap-event-mesh-0b7cc2f
supported-settings-for-specific-message-brokers-059bd96	amqp-receiver-for-sap-integration-suite-advanced-event-mesh-5f229c0
supported-settings-for-specific-message-brokers-059bd96	amqp-sender-for-sap-event-mesh-7d8a83f
switch-off-resolving-of-external-entities-a990e2c	define-a-local-script-step-03b32eb
synchronize-api-changes-to-your-mcp-server-bd93c74	create-an-mcp-server-from-an-api-artifact-9f18140
synchronize-remote-third-part-mcp-server-changes-to-your-mcp-server-87ec798	create-an-mcp-server-using-a-remote-mcp-server-as-the-source-742216d
system-scope-for-cloud-integration-8ea3822	data-storages-31efe35
system-scope-for-cloud-integration-8ea3822	optimize-performance-491c80d
target-endpoint-properties-edeed6a	enable-streaming-of-requests-and-responses-in-an-api-proxy-b43d826
target-endpoint-properties-edeed6a	export-an-api-definition-420abb6
tasks-and-permissions-for-cloud-integration-556d557	personas-for-cloud-integration-2937e5c
technical-landscape-daea676	connectivity-options-93d82e8
technical-landscape-daea676	data-storages-31efe35
technical-landscape-daea676	personas-for-cloud-integration-2937e5c
technical-landscape-daea676	security-aspects-of-data-data-flow-for-cloud-integration-7895724
technical-landscape-daea676	tasks-and-permissions-for-cloud-integration-556d557
technical-landscape-daea676	using-data-storage-features-when-designing-integration-flows-a836b4e
tenant-cloning-tool-behavior-6d15ffd	accessing-api-management-apis-programmatically-24a2c37
tenant-cloning-tool-behavior-6d15ffd	api-proxy-states-091cda4
tenant-cloning-tool-behavior-b23c603	accessing-api-management-apis-programmatically-24a2c37
tenant-cloning-tool-behavior-b23c603	api-proxy-states-091cda4
third-party-oauth-token-usage-cccc881	assign-message-523efe6
third-party-oauth-token-usage-cccc881	extract-variables-dad6ef6
third-party-oauth-token-usage-cccc881	generate-access-token-f6f84ee
third-party-oauth-token-usage-cccc881	javascript-5b63ed7
third-party-oauth-token-usage-cccc881	service-callout-6b40873
timer-and-schedule-based-integration-flows-41a5b13	integration-flow-deployed-on-multiple-worker-nodes-95bb34a
tls-connectivity-tests-03bbb5d	activating-a-new-key-pair-provided-by-sap-383be7a
tls-connectivity-tests-03bbb5d	certificate-chains-77a6094
tracing-the-execution-of-an-integration-flow-4ec27d3	setting-log-levels-4e6d3fc
traffic-management-policies-165db68	ip-filter-3a8b424
traffic-management-policies-165db68	quota-2aecf15
traffic-management-policies-165db68	surge-protection-3d14745
transaction-handling-characteristics-and-restrictions-2388efb	define-transaction-handling-2a5d4bc
transaction-handling-guidelines-52e3f67	transaction-handling-characteristics-and-restrictions-2388efb
transfer-files-9bda753	combine-xml-files-via-poll-enrich-7b97105
transfer-files-9bda753	concatenating-files-via-poll-enrich-694a60b
transfer-files-9bda753	copying-the-integration-package-and-deploying-the-integration-flows-2cb1d31
transfer-files-9bda753	poll-and-merge-folder-497bf08
transfer-files-9bda753	poll-file-by-done-file-800de6e
transfer-files-9bda753	poll-folder-by-fixed-done-file-0041751
transport-api-management-artifacts-via-sap-cloud-transport-management-service-2e4bc72	empty-transaction-id-8d46d94
transport-api-management-artifacts-via-sap-cloud-transport-management-service-2e4bc72	exception-raised-during-the-transport-ba86ff5
transport-api-management-artifacts-via-sap-cloud-transport-management-service-2e4bc72	other-issues-e6755e1
transport-apis-and-its-related-contents-eb83118	create-a-deploy-service-destination-in-cloud-transport-management-service-subaccount-09b1eec
transport-apis-and-its-related-contents-eb83118	creating-api-management-destination-3fd86c7
transport-apis-and-its-related-contents-eb83118	creating-content-assembly-service-destination-3a6a81e
transport-apis-and-its-related-contents-eb83118	creating-transport-management-destination-6c94d89
transporting-a-product-from-source-to-destination-3a4cdd2	editing-the-security-fields-for-the-imported-api-entities-0c184e3
transporting-an-api-proxy-from-source-to-destination-2fe1aa2	editing-the-security-fields-for-the-imported-api-entities-0c184e3
transporting-api-and-mcp-server-artifacts-between-tenants-844646f	content-transport-e3c79d6
trigger-mass-deletion-of-keystore-entries-bee2744	http-calls-and-uri-components-ca75e12
troubleshooting-adapters-b7a3906	http-receiver-adapter-2da452e
troubleshooting-adapters-b7a3906	https-sender-adapter-0ae4a78
troubleshooting-cloud-integration-public-apis-af02d40	identity-and-access-management-for-cloud-integration-f805b22
troubleshooting-http-error-catalog-069b461	message-processing-log-b32f8cd
troubleshooting-integration-flows-c0052ae	define-content-modifier-8f04a70
troubleshooting-integration-flows-c0052ae	define-gather-and-join-94ef1f2
troubleshooting-integration-flows-c0052ae	define-multicast-17de3ea
troubleshooting-integration-flows-c0052ae	deploying-a-pgp-public-keyring-7f04458
troubleshooting-integration-flows-c0052ae	deploying-a-pgp-secret-keyring-9d8e1a9
troubleshooting-integration-flows-c0052ae	general-and-iterating-splitter-b49d088
troubleshooting-integration-flows-c0052ae	guidelines-and-best-practices-for-message-monitoring-6f598b4
troubleshooting-integration-flows-c0052ae	jms-adapter-0993f2a
troubleshooting-integration-flows-c0052ae	managing-pgp-keys-cd478a7
troubleshooting-integration-flows-c0052ae	managing-queues-f116962
troubleshooting-integration-flows-c0052ae	message-processing-log-b32f8cd
troubleshooting-integration-flows-c0052ae	message-processing-log-text-view-718309a
troubleshooting-integration-flows-c0052ae	monitor-message-processing-314df3f
troubleshooting-integration-flows-c0052ae	set-a-proper-timeout-3535f15
troubleshooting-integration-flows-c0052ae	setting-log-levels-4e6d3fc
troubleshooting-integration-flows-c0052ae	tracing-the-execution-of-an-integration-flow-4ec27d3
troubleshooting-message-mapping-cb5311a	message-mapping-459ccdf
twilio-receiver-adapter-7445ab3	consuming-integration-adapters-from-sap-business-accelerator-hub-b9250fb
twitter-receiver-adapter-453c174	overview-of-integration-flow-editor-db10beb
twitter-receiver-adapter-453c174	runtime-profiles-8007daa
twitter-receiver-adapter-453c174	updating-your-existing-integration-flow-1f9e879
understanding-the-basic-concepts-a81309f	basic-concepts-of-integration-design-ca0f6f7
understanding-the-basic-concepts-a81309f	elements-of-an-integration-flow-e49dbee
understanding-the-basic-concepts-a81309f	integration-development-b18936e
understanding-the-basic-concepts-a81309f	monitor-integrations-05446d0
understanding-the-basic-concepts-a81309f	runtime-profiles-8007daa
understanding-the-basic-concepts-a81309f	working-with-prepackaged-integration-content-bd2ed3e
unlocking-integration-packages-and-artifacts-739a536	designtime-artifact-locks-5b3ecb8
update-a-number-ranges-object-139a6b2	http-calls-and-uri-components-ca75e12
update-a-policy-template-269442f	policies-7e4f3e5
update-a-policy-template-269442f	policy-types-c918e28
update-an-alternative-partner-60d19e3	http-calls-and-uri-components-ca75e12
update-version-of-an-integration-flow-component-61bf6a2	specify-the-runtime-configuration-0c1c96e
updating-the-references-e2a9ec4	accessing-api-management-apis-programmatically-24a2c37
updating-your-existing-integration-flow-1f9e879	runtime-profiles-8007daa
updating-your-existing-integration-flow-1f9e879	update-version-of-an-integration-flow-component-61bf6a2
upgrading-script-917e014	define-a-local-script-step-03b32eb
upgrading-script-917e014	design-guidelines-view-d62dfe0
upgrading-script-917e014	fix-script-incompatibilities-7397c42
upgrading-script-917e014	scripts-fa29f02
upgrading-script-917e014	simulation-of-an-integration-flow-2e2210b
uploading-an-rsa-key-b8ba4a3	x-509-certificates-8d38a83
uploading-an-ssh-key-8bf9ae4	x-509-certificates-8d38a83
use-a-message-mapping-to-map-xml-to-json-fb7c1df	creating-message-mapping-as-a-flow-step-3d5cb7f
use-a-message-mapping-to-map-xml-to-json-fb7c1df	simulation-of-an-integration-flow-2e2210b
use-case-for-jms-5d2c32f	apply-the-retry-pattern-with-jms-queue-da17d2d
use-case-for-jms-5d2c32f	jms-adapter-0993f2a
use-case-for-jms-5d2c32f	use-cases-for-data-store-and-variables-853d4dd
use-cases-4f32e7b	renewal-of-keys-for-cms-pkcs-7-decryptor-inbound-1cdab75
use-cases-4f32e7b	renewal-of-keys-for-cms-pkcs-7-encryptor-outbound-39afbfa
use-cases-4f32e7b	renewal-of-keys-for-cms-pkcs-7-signer-outbound-fe4d37f
use-cases-4f32e7b	renewal-of-keys-for-cms-pkcs-7-verifier-inbound-c573538
use-cases-4f32e7b	renewal-of-keys-for-xml-digital-signature-signer-outbound-aaeaa2f
use-cases-4f32e7b	renewal-of-keys-for-xml-digital-signature-verifier-inbound-e35a3be
use-cases-4f32e7b	renewal-of-load-balancer-server-certificate-1779401
use-cases-4f32e7b	renewal-of-openpgp-encryption-key-inbound-66cbb51
use-cases-4f32e7b	renewal-of-openpgp-encryption-key-outbound-500bd53
use-cases-4f32e7b	renewal-of-openpgp-signer-key-inbound-db96a4c
use-cases-4f32e7b	renewal-of-openpgp-signer-key-outbound-b2b54df
use-cases-4f32e7b	renewal-of-password-only-241428d
use-cases-4f32e7b	renewal-of-password-only-84dabed
use-cases-4f32e7b	renewal-of-receiver-back-end-server-certificate-3f4eb83
use-cases-4f32e7b	renewal-of-sender-back-end-client-certificate-2d3cae7
use-cases-4f32e7b	renewal-of-tenant-client-root-certificate-ca-8dc5877
use-cases-4f32e7b	renewal-of-the-sftp-client-key-on-tenant-5e16205
use-cases-4f32e7b	renewal-of-the-sftp-server-key-492687f
use-cases-4f32e7b	renewal-of-the-tenant-client-certificate-6ec6824
use-cases-4f32e7b	renewal-of-user-and-password-a1c26c8
use-cases-4f32e7b	renewal-of-user-and-password-da1eeb1
use-cases-4f32e7b	renewal-of-user-on-sftp-server-8c5436a
use-cases-4f32e7b	security-artifact-renewal-for-ws-security-tenant-decrypts-inbound-request-192762b
use-cases-4f32e7b	security-artifact-renewal-for-ws-security-tenant-decrypts-outbound-response-90b85ec
use-cases-4f32e7b	security-artifact-renewal-for-ws-security-tenant-encrypts-inbound-response-fdea960
use-cases-4f32e7b	security-artifact-renewal-for-ws-security-tenant-encrypts-outbound-request-efb83b3
use-cases-4f32e7b	security-artifact-renewal-for-ws-security-tenant-signs-inbound-response-a6ccced
use-cases-4f32e7b	security-artifact-renewal-for-ws-security-tenant-signs-outbound-request-10c32fe
use-cases-4f32e7b	security-artifact-renewal-for-ws-security-tenant-verifies-inbound-request-266470d
use-cases-4f32e7b	security-artifact-renewal-for-ws-security-tenant-verifies-outbound-response-289b653
use-cases-for-data-store-and-variables-853d4dd	handle-exceptions-ca95c61
use-cases-for-data-store-and-variables-853d4dd	using-data-storage-features-when-designing-integration-flows-a836b4e
use-csrf-protection-a0765d5	authentication-bd2fbd5
use-custom-header-properties-to-search-for-message-processing-logs-d4b5839	message-processing-logs-827a2d7
use-custom-header-properties-to-search-for-message-processing-logs-d4b5839	monitor-message-processing-314df3f
use-import-statements-supported-by-the-script-runtime-13fee7f	fix-script-incompatibilities-7397c42
use-import-statements-supported-by-the-script-runtime-13fee7f	upgrading-script-917e014
use-prepackaged-integration-content-provided-by-sap-95c68ce	adapting-standard-integration-content-to-your-requirements-35b53da
use-prepackaged-integration-content-provided-by-sap-95c68ce	keep-modifications-separate-from-prepackaged-integration-content-1f4c046
use-prepackaged-integration-content-provided-by-sap-95c68ce	subscribe-only-a-single-tenant-to-sap-business-accelerator-hub-185a52a
use-recommended-libraries-and-classes-bbba19d	fix-script-incompatibilities-7397c42
use-scripting-appropriately-d4dc13c	access-headers-and-properties-in-scripts-6bc5ed1
use-scripting-appropriately-d4dc13c	access-secure-parameters-in-scripts-fdf4ce3
use-scripting-appropriately-d4dc13c	access-url-get-parameters-in-scripts-7ad2ac9
use-scripting-appropriately-d4dc13c	access-url-paths-in-scripts-f0620cb
use-scripting-appropriately-d4dc13c	access-value-mappings-in-scripts-12536ee
use-scripting-appropriately-d4dc13c	copying-the-integration-package-and-deploying-the-integration-flows-2cb1d31
use-scripting-appropriately-d4dc13c	create-mpl-attachments-in-scripts-17dba92
use-scripting-appropriately-d4dc13c	define-a-local-script-step-03b32eb
use-scripting-appropriately-d4dc13c	ensure-upgrade-readiness-6adb0ca
use-scripting-appropriately-d4dc13c	general-scripting-guidelines-fcbf0f2
use-scripting-appropriately-d4dc13c	parse-json-af0da64
use-scripting-appropriately-d4dc13c	upgrading-script-917e014
use-scripting-appropriately-d4dc13c	use-custom-header-properties-to-search-for-message-processing-logs-d4b5839
use-scripting-appropriately-d4dc13c	working-with-script-and-script-collection-e60f706
use-secure-authentication-methods-3d46d45	managing-user-roles-4e86f0d
use-secure-authentication-methods-3d46d45	setting-up-the-key-pairs-and-certificates-620967b
use-secure-authentication-methods-3d46d45	use-csrf-protection-a0765d5
use-secure-protocols-c9b8cae	apply-message-level-security-9036c0c
use-secure-protocols-c9b8cae	message-level-security-463a908
use-secure-protocols-c9b8cae	outbound-sap-cloud-connector-642e87f
use-secure-protocols-c9b8cae	performing-connectivity-tests-d5b2fae
use-secure-protocols-c9b8cae	security-aspects-of-data-data-flow-for-cloud-integration-7895724
use-ssrf-protection-e5dc584	parameters-that-support-dynamic-configuration-c9bba0e
use-the-as2-adapter-with-dynamic-encryption-and-signature-verification-2cd252c	fetch-the-partner-info-from-the-partner-directory-a44a1f9
use-the-as2-adapter-with-dynamic-encryption-and-signature-verification-2cd252c	install-and-configure-mendelson-cfa038e
use-the-csv-to-xml-converter-7ad518d	configure-csv-to-xml-converter-fe33888
use-the-mime-multipart-encoder-and-decoder-c3fc1f5	define-a-mime-multipart-encoder-8c12a8e
use-the-partner-directory-appropriately-6e00412	copying-the-integration-package-and-deploying-the-integration-flows-2cb1d31
use-the-partner-directory-appropriately-6e00412	dynamically-address-receivers-dde6b3a
use-the-partner-directory-appropriately-6e00412	fetch-the-partner-info-from-the-partner-directory-a44a1f9
use-the-partner-directory-appropriately-6e00412	first-steps-create-entities-in-the-partner-directory-d32359a
use-the-partner-directory-appropriately-6e00412	first-steps-import-the-postman-collections-0f4cf38
use-the-partner-directory-appropriately-6e00412	parameterizing-integration-flows-using-the-partner-directory-b7812a5
use-the-partner-directory-appropriately-6e00412	partner-directory-0fe80dc
use-the-partner-directory-appropriately-6e00412	perform-an-xslt-mapping-c6bf239
use-the-partner-directory-appropriately-6e00412	use-an-alternative-partner-id-to-retrieve-partner-information-01a784c
use-the-partner-directory-appropriately-6e00412	use-the-as2-adapter-with-dynamic-encryption-and-signature-verification-2cd252c
use-the-persist-step-2707077	persist-messages-8c35f3f
use-the-persist-step-2707077	using-data-storage-features-when-designing-integration-flows-a836b4e
use-the-xml-to-csv-converter-cf0acac	access-header-and-properties-in-message-mapping-4f2a8c9
use-the-xml-to-csv-converter-cf0acac	configure-xml-to-csv-converter-9025222
user-roles-and-responsibilities-in-developer-hub-54b4607	approve-the-pending-connection-requests-e296f80
user-roles-and-responsibilities-in-developer-hub-54b4607	configure-the-visibility-of-api-composition-navigator-f5bd17d
user-roles-and-responsibilities-in-developer-hub-54b4607	customize-the-visual-format-of-developer-hub-2eacd52
user-roles-and-responsibilities-in-developer-hub-54b4607	manage-content-4b89a8b
user-roles-and-responsibilities-in-developer-hub-54b4607	manage-domain-categories-bd9691d
user-roles-and-responsibilities-in-developer-hub-54b4607	manage-notifications-df32457
user-roles-and-responsibilities-in-developer-hub-54b4607	manage-scheduled-requests-7236981
user-roles-and-responsibilities-in-developer-hub-54b4607	managing-the-access-request-of-the-users-8b79ee8
user-roles-and-responsibilities-in-developer-hub-54b4607	registering-on-developer-hub-c85fafe
user-roles-and-responsibilities-in-developer-hub-54b4607	revoke-access-ce609bb
using-camel-simple-expression-language-4688083	define-content-modifier-8f04a70
using-camel-simple-expression-language-4688083	define-filter-733f8dc
using-camel-simple-expression-language-4688083	define-router-d7fddbd
using-camel-simple-expression-language-4688083	define-write-variables-de04b75
using-camel-simple-expression-language-4688083	examples-eb2e601
using-data-storage-features-when-designing-integration-flows-a836b4e	access-headers-and-properties-in-scripts-6bc5ed1
using-data-storage-features-when-designing-integration-flows-a836b4e	aggregator-5f5e01b
using-data-storage-features-when-designing-integration-flows-a836b4e	archiving-data-bc71f88
using-data-storage-features-when-designing-integration-flows-a836b4e	as4-sender-adapter-a448605
using-data-storage-features-when-designing-integration-flows-a836b4e	configure-the-amqp-receiver-adapter-d5660c1
using-data-storage-features-when-designing-integration-flows-a836b4e	configure-the-amqp-sender-adapter-99ce674
using-data-storage-features-when-designing-integration-flows-a836b4e	configure-the-as2-sender-adapter-5d7ee17
using-data-storage-features-when-designing-integration-flows-a836b4e	configure-the-jms-sender-adapter-161791b
using-data-storage-features-when-designing-integration-flows-a836b4e	configure-the-kafka-receiver-adapter-fc6ee1f
using-data-storage-features-when-designing-integration-flows-a836b4e	configure-the-kafka-sender-adapter-0d849e5
using-data-storage-features-when-designing-integration-flows-a836b4e	configure-the-soap-soap-1-x-sender-adapter-a178913
using-data-storage-features-when-designing-integration-flows-a836b4e	configure-the-xi-receiver-adapter-5d2670f
using-data-storage-features-when-designing-integration-flows-a836b4e	configure-the-xi-sender-adapter-41a1a57
using-data-storage-features-when-designing-integration-flows-a836b4e	create-mpl-attachments-in-scripts-17dba92
using-data-storage-features-when-designing-integration-flows-a836b4e	data-storages-31efe35
using-data-storage-features-when-designing-integration-flows-a836b4e	decouple-sender-and-flows-using-jms-message-queues-3c26902
using-data-storage-features-when-designing-integration-flows-a836b4e	define-aggregator-aa23816
using-data-storage-features-when-designing-integration-flows-a836b4e	define-content-modifier-8f04a70
using-data-storage-features-when-designing-integration-flows-a836b4e	define-data-store-operations-79f63a4
using-data-storage-features-when-designing-integration-flows-a836b4e	define-write-variables-de04b75
using-data-storage-features-when-designing-integration-flows-a836b4e	dynamically-configure-integration-flow-parameters-fff5b2a
using-data-storage-features-when-designing-integration-flows-a836b4e	dynamically-reading-xslt-mappings-from-the-partner-directory-66a551a
using-data-storage-features-when-designing-integration-flows-a836b4e	example-scenario-sharing-a-variable-across-two-integration-flows-303562c
using-data-storage-features-when-designing-integration-flows-a836b4e	example-using-a-global-data-store-and-a-global-variable-773a7ec
using-data-storage-features-when-designing-integration-flows-a836b4e	external-logging-ad719c1
using-data-storage-features-when-designing-integration-flows-a836b4e	headers-and-exchange-properties-provided-by-the-integration-framework-d0fcb09
using-data-storage-features-when-designing-integration-flows-a836b4e	jdbc-receiver-adapter-88be644
using-data-storage-features-when-designing-integration-flows-a836b4e	jms-adapter-0993f2a
using-data-storage-features-when-designing-integration-flows-a836b4e	managing-data-stores-ac39f1d
using-data-storage-features-when-designing-integration-flows-a836b4e	managing-message-queues-cdcce24
using-data-storage-features-when-designing-integration-flows-a836b4e	managing-variables-ca93653
using-data-storage-features-when-designing-integration-flows-a836b4e	message-stores-1aab5e9
using-data-storage-features-when-designing-integration-flows-a836b4e	parameterizing-integration-flows-using-the-partner-directory-b7812a5
using-data-storage-features-when-designing-integration-flows-a836b4e	persist-messages-8c35f3f
using-data-storage-features-when-designing-integration-flows-a836b4e	use-cases-for-data-store-and-variables-853d4dd
using-data-storage-features-when-designing-integration-flows-a836b4e	use-custom-header-properties-to-search-for-message-processing-logs-d4b5839
using-data-storage-features-when-designing-integration-flows-a836b4e	use-the-partner-directory-appropriately-6e00412
using-data-storage-features-when-designing-integration-flows-a836b4e	use-the-persist-step-2707077
using-data-storage-features-when-designing-integration-flows-a836b4e	using-message-processing-log-attachments-6776fd3
using-data-storage-features-when-designing-integration-flows-a836b4e	variant-sharing-data-across-integration-flows-that-communicate-with-each-other-fe6d139
using-data-storage-features-when-designing-integration-flows-a836b4e	variant-sharing-data-across-integration-flows-that-operate-independently-from-each-other-1459948
using-data-storage-features-when-designing-integration-flows-a836b4e	variant-sharing-data-within-the-same-integration-flow-4b75ded
using-message-processing-log-attachments-6776fd3	persist-messages-8c35f3f
using-message-processing-log-attachments-6776fd3	simulation-of-an-integration-flow-2e2210b
using-message-processing-log-attachments-6776fd3	tracing-the-execution-of-an-integration-flow-4ec27d3
using-message-processing-log-attachments-6776fd3	use-custom-header-properties-to-search-for-message-processing-logs-d4b5839
using-sap-cloud-connector-1f45077	outbound-sap-cloud-connector-642e87f
validate-incoming-messages-f421c07	encode-dynamic-parameters-d278350
validator-flow-steps-fd40240	define-edi-validator-9bf3b96
validator-flow-steps-fd40240	validating-message-payload-against-xml-schema-360dc70
variable-references-4f8993f	api-proxy-flows-variables-9a4fb46
variable-references-4f8993f	configuration-variables-12d3ea6
variable-references-4f8993f	error-variables-edf281e
variable-references-4f8993f	message-variables-aaf8bae
variable-references-4f8993f	path-variables-4821925
variable-references-4f8993f	request-message-variables-ad60e66
variable-references-4f8993f	response-message-variables-11bebe1
variable-references-4f8993f	system-variables-7806ebf
variable-references-4f8993f	tls-ssl-connection-information-variables-9326107
variant-dynamic-routing-d241c77	variant-static-routing-b71529f
variant-dynamic-routing-using-jms-message-queues-27c247e	variant-dynamic-routing-d241c77
variant-exception-subprocess-with-end-message-event-c830df7	externalize-volatile-configurations-300277d
variant-exception-subprocess-with-end-message-event-c830df7	how-to-work-with-the-example-integration-flows-03e6959
variant-exception-subprocess-with-error-end-event-35262c9	externalize-volatile-configurations-300277d
variant-exception-subprocess-with-error-end-event-35262c9	how-to-work-with-the-example-integration-flows-03e6959
variant-exception-subprocess-with-error-end-event-35262c9	variant-exception-subprocess-with-end-message-event-c830df7
variant-exception-subprocess-with-error-end-event-c032016	log-the-behavior-of-an-integration-flow-5a3ec6d
variant-exception-subprocess-with-escalation-end-event-5649cde	log-the-behavior-of-an-integration-flow-5a3ec6d
variant-ignore-4998bd8	variant-send-to-default-receiver-7ba1864
variant-message-mapping-85571e2	importing-content-from-sap-process-orchestration-system-53db5fb
variant-message-mapping-85571e2	variant-content-filter-step-239d8f8
variant-raise-an-error-b1148e9	variant-ignore-4998bd8
variant-sharing-data-across-integration-flows-that-communicate-with-each-other-fe6d139	generic-receiver-83a6970
variant-sharing-data-across-integration-flows-that-communicate-with-each-other-fe6d139	scatter-gather-987eef2
variant-sharing-data-across-integration-flows-that-operate-independently-from-each-other-1459948	example-using-a-global-data-store-and-a-global-variable-773a7ec
variant-sharing-data-across-integration-flows-that-operate-independently-from-each-other-1459948	scatter-gather-987eef2
variant-sharing-data-within-the-same-integration-flow-4b75ded	scatter-gather-987eef2
variant-with-general-splitter-cba1ecb	splitter-4b475ea
variant-with-general-splitter-cba1ecb	variant-with-iterating-splitter-24f9f29
variant-with-general-splitter-cba1ecb	variant-with-message-mapping-f6bb2b7
variant-with-iterating-splitter-24f9f29	splitter-4b475ea
variant-with-message-mapping-f6bb2b7	importing-content-from-sap-process-orchestration-system-53db5fb
variant-with-message-mapping-f6bb2b7	splitter-4b475ea
variant-with-message-mapping-f6bb2b7	variant-with-general-splitter-cba1ecb
verify-access-tokens-744ce8a	designing-oauth-v2-0-policies-68f0246
verify-the-pkcs-7-cms-signature-f095dc6	options-to-handle-signed-data-89f4220
verify-the-pkcs-7-cms-signature-f095dc6	signing-and-verifying-a-message-using-pkcs-7-cms-bb76650
view-and-edit-virtual-host-for-api-artifacts-a87d799	activate-integration-cell-1a627da
view-and-edit-virtual-host-for-api-artifacts-a87d799	client-certificate-authentication-for-integration-flow-processing-7f84d16
viewing-predictions-and-trends-47f349c	disabling-anomaly-detection-1d6756e
viewing-the-odata-model-layout-10de695	graphical-model-viewer-features-a53aeed
virtual-hosts-in-integration-cell-dd401ec	configuring-additional-virtual-host-26c7416
virtual-hosts-in-integration-cell-dd401ec	create-an-api-artifact-using-a-target-url-or-an-openapi-specification-914f57e
virtual-hosts-in-integration-cell-dd401ec	delete-an-eligible-virtual-host-102257d
virtual-hosts-in-integration-cell-dd401ec	view-and-edit-virtual-host-for-api-artifacts-a87d799
what-is-migration-tooling-1a3bfbc	configuring-connectivity-to-an-sap-process-orchestration-system-8c36fd2
what-is-migration-tooling-1a3bfbc	migration-approaches-9ddb257
what-is-migration-tooling-1a3bfbc	pipeline-approach-efc40f8
what-is-migration-tooling-1a3bfbc	supported-components-46b27d1
what-is-migration-tooling-1a3bfbc	supported-patterns-ad867ae
workday-receiver-adapter-0c6e670	consuming-integration-adapters-from-sap-business-accelerator-hub-b9250fb
workday-receiver-adapter-0c6e670	runtime-profiles-8007daa
workday-receiver-adapter-0c6e670	updating-your-existing-integration-flow-1f9e879
working-with-an-integration-package-c433ce2	configure-externalized-parameters-of-an-integration-flow-462a478
working-with-an-integration-package-c433ce2	externalize-parameters-of-an-integration-flow-45b2a07
working-with-api-management-321fb4d	activate-and-configure-the-api-management-capability-f6eb433
working-with-api-management-321fb4d	additional-configurations-for-api-management-5ac63ab
working-with-api-management-321fb4d	api-documentation-e26b332
working-with-api-management-321fb4d	api-lifecycle-5e8ea7d
working-with-api-management-321fb4d	api-management-service-plans-e064663
working-with-api-management-321fb4d	api-services-007d50f
working-with-api-management-321fb4d	components-of-api-management-e02ae53
working-with-api-management-321fb4d	configure-apis-fdf5373
working-with-api-management-321fb4d	developer-hub-41f7c45
working-with-api-management-321fb4d	important-concepts-of-api-management-414808b
working-with-api-management-321fb4d	limits-in-api-management-f70f425
working-with-api-management-321fb4d	managing-api-endpoints-ac794e4
working-with-api-management-321fb4d	migration-of-api-management-content-d66b3e5
working-with-data-types-cf1d397	configuring-data-types-97ad101
working-with-function-libraries-dd8c30d	consuming-function-library-in-message-mapping-d4dcb4a
working-with-function-libraries-dd8c30d	creating-a-function-libraries-artifact-950b897
working-with-function-libraries-dd8c30d	import-function-library-from-es-repository-d6e7585
working-with-imported-archives-e00e81d	consuming-imported-archives-e7562a7
working-with-imported-archives-e00e81d	creating-an-imported-archives-artifact-e555caf
working-with-imported-archives-e00e81d	reuse-imported-archives-objects-from-es-repository-4196091
working-with-message-types-dcfb8cd	configuring-message-types-2eb71b8
working-with-postman-collections-1d11aa6	https-sender-adapter-0ae4a78
working-with-prepackaged-integration-content-bd2ed3e	use-prepackaged-integration-content-provided-by-sap-95c68ce
working-with-references-6f96b64	configuring-additional-virtual-host-in-cloud-foundry-environment-a7b91e5
working-with-script-and-script-collection-e60f706	consuming-a-script-collection-1b801fa
working-with-script-and-script-collection-e60f706	creating-a-script-collection-824bff0
working-with-script-and-script-collection-e60f706	creating-scripts-in-a-script-collection-ed9b52c
working-with-script-and-script-collection-e60f706	define-a-local-script-step-03b32eb
working-with-script-and-script-collection-e60f706	deploying-a-script-collection-95cb2d9
working-with-script-and-script-collection-e60f706	script-use-cases-148851b
working-with-service-interface-fe4b35a	define-integration-processes-d704f5c
working-with-service-interface-fe4b35a	generating-abap-proxy-c6fcf31
working-with-the-api-analytics-dashboard-e07e815	customizing-an-analysis-78bde6f
ws-security-configuration-for-the-receiver-soap-1-x-adapter-e9f42bf	configure-the-soap-soap-1-x-receiver-adapter-57f7b34
ws-security-configuration-for-the-sender-soap-1-x-adapter-e53bb5c	configure-the-soap-soap-1-x-sender-adapter-a178913
xi-receiver-handles-duplicates-based-on-unique-id-in-payload-3add2bf	basic-authentication-with-clientid-and-clientsecret-for-integration-flow-processing-647eeb3
xi-receiver-handles-duplicates-based-on-unique-id-in-payload-3add2bf	configure-the-xi-receiver-adapter-5d2670f
xi-receiver-handles-duplicates-based-on-unique-id-in-payload-3add2bf	interaction-of-the-involved-integration-flows-44be68d
xi-receiver-handles-duplicates-based-on-unique-id-in-payload-3add2bf	xi-receiver-handles-duplicates-fcf026b
xi-receiver-handles-duplicates-fcf026b	basic-authentication-with-clientid-and-clientsecret-for-integration-flow-processing-647eeb3
xi-receiver-handles-duplicates-with-decoupling-via-jms-queue-bd19abf	basic-authentication-with-clientid-and-clientsecret-for-integration-flow-processing-647eeb3
xi-receiver-handles-duplicates-with-decoupling-via-jms-queue-bd19abf	configure-the-xi-receiver-adapter-5d2670f
xi-receiver-handles-duplicates-with-decoupling-via-jms-queue-bd19abf	decoupling-via-jms-queue-ecbde19
xi-receiver-handles-duplicates-with-decoupling-via-jms-queue-bd19abf	interaction-of-the-involved-integration-flows-44be68d
xi-receiver-handles-duplicates-with-decoupling-via-jms-queue-bd19abf	xi-receiver-handles-duplicates-fcf026b
xi-sender-adapter-handles-duplicates-7c9a0fd	basic-authentication-with-clientid-and-clientsecret-for-integration-flow-processing-647eeb3
xi-sender-adapter-handles-duplicates-7c9a0fd	configure-the-soap-soap-1-x-receiver-adapter-57f7b34
xi-sender-adapter-handles-duplicates-7c9a0fd	configure-the-xi-sender-adapter-41a1a57
xi-sender-adapter-handles-duplicates-7c9a0fd	sender-and-receiver-with-sap-rm-protocol-9f3e2b6
zendesk-receiver-adapter-01bd8bb	consuming-integration-adapters-from-sap-business-accelerator-hub-b9250fb
